Time,Reference X Velocity,Reference Y Velocity,Reference Angular Velocity,Reference Angle,Measured X Velocity,Measured Y Velocity,Measured Angular Velocity,Measured Angle
0.3560309410095215,0,0,0.0,0,-81.15114852890179,-8.780728849287323,1.7294136040063848,0.9075762494788494
0.5220301151275635,0,0,0.0,0,-61.16371328479421,-7.026704564178029,1.2960286003229433,0.9075762494788494
0.6175496578216553,0,0,0.0,0,-41.17627804068665,-5.272680279068736,0.8626435966395019,0.9075762494788494
0.713341474533081,0,0,0.0,0,-34.48336733068157,-4.129286004877846,0.8252073877967432,0.9479148215008122
0.8057918548583984,0,0,0.0,0,-27.79045662067649,-2.985891730686956,0.7877711789539846,0.9029327003920917
0.9012267589569092,0,0,0.0,0,-26.785288229463784,-2.9820731958765903,0.5852579749880593,0.9029327003920917
0.9951167106628418,0,0,0.0,0,-25.78011983825108,-2.978254661066225,0.3827447710221339,0.9615318762270019
1.0879642963409424,0,0,0.0,0,-23.59362640742591,-2.799511115734531,0.35880761647986936,0.9029327003920917
1.1810343265533447,0,0,0.0,0,-21.40713297660074,-2.620767570402837,0.3348704619376049,0.9029327003920917
1.2742631435394287,0,0,0.0,0,-21.26272948279761,-2.335034140578194,0.2976810914597541,0.8188253798315386
1.3667411804199219,0,0,0.0,0,-19.943428270383524,-1.7801535271331759,0.17783897598398468,0.8206467296468677
1.4585399627685547,0,0,0.0,0,-16.77486418137058,-1.4530010028369342,0.07473863984534389,0.9416497720717126
1.5381271839141846,0,0,0.0,0,-11.852255439367731,-1.1766772808008261,0.06361017278856594,0.9416497720717126
1.629688024520874,0,0,0.0,0,-1.8813258764087584,-0.15973209216503254,0.06361017278856594,0.9416497720717126
1.7257084846496582,0,0,0.0,0,12.018922632901777,0.45519152438393623,0.06361017278856594,0.9416497720717126
1.8189764022827148,0,0,0.0,0,18.432879667806127,0.45519152438393623,0.08405776392928821,0.9416497720717126
1.9119305610656738,0,0,0.0,0,18.432879667806127,0.45519152438393623,0.08405776392928821,0.9416497720717126
2.006258964538574,0,0,0.0,0,18.432879667806127,0.45519152438393623,0.20310808036083497,0.9075762494788494
2.0987470149993896,0,0,0.0,0,18.432879667806127,0.45519152438393623,0.2506128219842695,0.9075762494788494
2.193392276763916,0,0,0.0,0,18.432879667806127,-0.3470122477120307,0.2506128219842695,0.9075762494788494
2.285865545272827,0,0,0.0,0,15.910323655733368,-1.3780099255404368,0.2506128219842695,0.9075762494788494
2.3778364658355713,0,0,0.0,0,10.736707246594987,-1.4698919229297596,0.2506128219842695,0.9075762494788494
2.469860553741455,0,0,0.0,0,5.382501577184217,-1.4698919229297596,0.2506128219842695,0.9075762494788494
2.5653061866760254,0,0,0.0,0,1.5333513714390465,-1.4698919229297596,0.10797223284795247,0.9075762494788494
2.6586132049560547,0,0,0.0,0,-1.1228956583199687,-1.4698919229297596,0.005739610631197337,0.8188253798315386
2.738123655319214,0,0,0.0,0,-1.1228956583199687,-1.4698919229297596,-0.06492578993977116,0.8988987472695799
2.831937313079834,0,0,0.0,0,-1.1228956583199687,-0.8150499671007335,-0.1108085401915616,0.9075762494788494
2.9239492416381836,0,0,0.0,0,-1.1228956583199687,-0.16626528615947433,-0.13719470486308627,0.8188253798315386
3.001966714859009,0,0,0.0,0,-1.1733196565361026,0.7924482315955976,-0.21865716489773213,0.9075762494788494
3.0952816009521484,0,0,0.0,0,-1.5960387064534953,2.0368440949204687,-0.21865716489773213,0.9075762494788494
3.188791036605835,0,0,0.0,0,-1.3758237276854763,2.3258737417336146,-0.21865716489773213,0.9075762494788494
3.2846856117248535,0,0,0.0,0,-1.3758237276854763,2.3258737417336146,-0.21865716489773213,0.9075762494788494
3.3772952556610107,0,0,0.0,0,-1.3758237276854763,2.3258737417336146,-0.21865716489773213,0.9075762494788494
3.4561452865600586,0,0,0.0,0,-1.3758237276854763,2.3258737417336146,-0.22797261001462055,0.8188253798315386
3.550532817840576,0,0,0.0,0,-0.5805248913587069,2.3258737417336146,-0.22797261001462055,0.8206467296468677
3.6455163955688477,0,0,0.0,0,-0.5805248913587069,1.5424834235480356,-0.14774920793670576,0.9075762494788494
3.741813898086548,0,0,0.0,0,-0.7159156247815677,0.7543019085709706,-0.12726102465586206,0.9075762494788494
3.8333253860473633,0,0,0.0,0,-0.7159156247815677,0.2684537122728346,-0.048257052530616656,0.9416497720717126
3.9231679439544678,0,0,0.0,0,-0.7159156247815677,0.0947694900109863,0.04645636305677603,0.9416497720717126
4.01409649848938,0,0,0.0,0,0.036677535431274194,0.03834289378674441,0.10037000633399543,0.9416497720717126
4.108156681060791,0,0,0.0,0,0.6113257083707044,-0.24127400556402134,0.1187574725877242,0.8206467296468677
4.202820301055908,0,0,0.0,0,0.6113257083707044,-0.8492743331327435,0.11479066854538521,0.9075762494788494
4.300468921661377,0,0,0.0,0,0.6113257083707044,-1.5444200627916262,0.08406232884796394,0.8188253798315386
4.390957593917847,0,0,0.0,0,0.6113257083707044,-1.5444200627916262,0.08406232884796394,0.8188253798315386
4.487439393997192,0,0,0.0,0,0.1611618573693416,-1.5444200627916262,0.08406232884796394,0.9075762494788494
4.581060171127319,0,0,0.0,0,-0.3041029863489684,-1.5444200627916262,0.08406232884796394,0.9075762494788494
4.672556400299072,0,0,0.0,0,-0.5426842685132222,-1.5444200627916262,0.08054045382752449,0.9075762494788494
4.76758337020874,0,0,0.0,0,-0.9124101747851101,-1.2085722754627697,-0.012393771967073156,0.8188253798315386
4.861327171325684,0,0,0.0,0,-1.1997565951728197,-0.2177060463507945,-0.06397754661267363,0.9075762494788494
4.940842390060425,0,0,0.0,0,-1.1997565951728197,0.27623268381058247,-0.1690176289162369,0.8188253798315386
5.0333521366119385,0,0,0.0,0,-1.1997565951728197,0.4355927315376675,-0.1690176289162369,0.9416497720717126
5.110356330871582,0,0,0.0,0,-1.1997565951728197,0.4355927315376675,-0.1690176289162369,0.9416497720717126
5.189047336578369,0,0,0.0,0,-1.193096293003253,0.4355927315376675,-0.06397754661267363,0.9075762494788494
5.267715930938721,0,0,0.0,0,-1.277772518194073,0.4355927315376675,0.007047337907755788,0.9075762494788494
5.361029386520386,0,0,0.0,0,-1.3133847966707093,0.4355927315376675,0.08117800633976803,0.9075762494788494
5.453214406967163,0,0,0.0,0,-0.8879556627849301,0.43468535968327165,0.08117800633976803,0.8206467296468677
5.528738737106323,0,0,0.0,0,-0.19081706262401388,0.17552736578434125,0.029594231694167555,0.8206467296468677
5.6082470417022705,0,0,0.0,0,0.6737568722753589,0.17552736578434125,0.029594231694167555,0.7959169887276258
5.687546014785767,0,0,0.0,0,1.1344539204609132,0.17552736578434125,0.00010418343830570498,0.8188253798315386
5.765821933746338,0,0,0.0,0,1.6926095690279384,0.17552736578434125,0.00010418343830570498,0.9075762494788494
5.844331979751587,0,0,0.0,0,1.5864945157930936,0.17552736578434125,-0.07132712108004177,0.9075762494788494
5.940218448638916,0,0,0.0,0,0.957314775525826,0.5731543897833102,-0.07132712108004177,0.9075762494788494
6.018420934677124,0,0,0.0,0,0.957314775525826,0.7043625371899489,-0.07132712108004177,0.9075762494788494
6.099430799484253,0,0,0.0,0,0.957314775525826,0.7043625371899489,-0.07132712108004177,0.9075762494788494
6.191972494125366,0,0,0.0,0,0.957314775525826,0.7043625371899489,-0.07132712108004177,0.9075762494788494
6.270954370498657,0,0,0.0,0,-0.15042926684965247,0.7043625371899489,0.0728771809718606,0.9416497720717126
6.350120544433594,0,0,0.0,0,-2.0361244260750504,0.7043625371899489,0.25876414178793017,0.9075762494788494
6.4280524253845215,0,0,0.0,0,-3.185180151842403,-0.3427437190899559,0.37506161826082274,0.9075762494788494
6.522566080093384,0,0,0.0,0,-3.6522666286662018,-1.3444663770200764,0.37506161826082274,0.8188253798315386
6.602163553237915,0,0,0.0,0,-3.6522666286662018,-1.9620505046054877,0.37506161826082274,0.9075762494788494
6.691685199737549,0,0,0.0,0,-3.6522666286662018,-1.9620505046054877,0.37506161826082274,0.9075762494788494
6.785590410232544,0,0,0.0,0,-3.6522666286662018,-1.9620505046054877,0.37506161826082274,0.9075762494788494
6.865117073059082,0,0,0.0,0,-3.6522666286662018,-1.9620505046054877,0.22863025520594987,0.9075762494788494
6.942627191543579,0,0,0.0,0,-3.384847674110372,-1.9620505046054877,0.04008618642325805,0.9075762494788494
7.039201021194458,0,0,0.0,0,-2.9689191063742504,-1.7968477155686875,0.04008618642325805,0.9416497720717126
7.135785102844238,0,0,0.0,0,-2.3208796733041406,-1.2024809097026612,0.04008618642325805,0.9075762494788494
7.2263548374176025,0,0,0.0,0,-1.6615511270803927,-0.6656441454560403,0.04008618642325805,0.9075762494788494
7.323317527770996,0,0,0.0,0,-1.0297945986863346,-0.19688627457053987,0.03511328587730805,0.9075762494788494
7.417409420013428,0,0,0.0,0,0.08715485457042749,0.15152902773168733,0.04008618642325805,0.9416497720717126
7.495422124862671,0,0,0.0,0,0.9835581093996559,0.3346848110201443,0.0480124916214162,0.9075762494788494
7.589988946914673,0,0,0.0,0,1.2118206063375256,0.45884667582625965,0.06183269633641425,0.9416497720717126
7.668083906173706,0,0,0.0,0,1.5743687833021234,0.5919205925929316,0.06183269633641425,0.9075762494788494
7.761603832244873,0,0,0.0,0,1.5743687833021234,0.6756279799405448,0.06183269633641425,0.9075762494788494
7.860162973403931,0,0,0.0,0,1.5743687833021234,0.701365883426567,0.06183269633641425,0.9075762494788494
7.95242714881897,0,0,0.0,0,1.2118206063375256,0.7172511425231465,0.04840078430513532,0.9075762494788494
8.046799182891846,0,0,0.0,0,0.9835581093996559,0.748243642613419,0.03114430247933291,0.9075762494788494
8.138017416000366,0,0,0.0,0,0.8911671534845502,0.7763994123276438,-0.00817919930983712,0.9075762494788494
8.232945919036865,0,0,0.0,0,0.5739886930423335,0.8047459855959654,-0.06485871038470646,0.9075762494788494
8.323184490203857,0,0,0.0,0,0.08134887072262037,0.8984444430421996,-0.10948447253931998,0.9075762494788494
8.403623580932617,0,0,0.0,0,-0.15707080233097276,1.0459693915058157,-0.11993239959765029,0.9075762494788494
8.484708309173584,0,0,0.0,0,-0.1836348619518744,1.0691521090139773,-0.11993239959765029,0.9075762494788494
8.576331615447998,0,0,0.0,0,-0.1836348619518744,1.0691521090139773,-0.11993239959765029,0.9075762494788494
8.65389108657837,0,0,0.0,0,-0.1836348619518744,1.0691521090139773,-0.11993239959765029,0.9075762494788494
8.73446249961853,0,0,0.0,0,-0.1836348619518744,1.0691521090139773,-0.11993239959765029,0.9075762494788494
8.827890396118164,0,0,0.0,0,-0.1836348619518744,1.0691521090139773,-0.12186215666606112,0.8188253798315386
8.919541597366333,0,0,0.0,0,-0.13555776737029895,0.9816885893233097,-0.12186215666606112,0.9075762494788494
9.01055908203125,0,0,0.0,0,-0.1084620385044309,0.9170527995232541,-0.11982816077879288,0.9075762494788494
9.106332540512085,0,0,0.0,0,-0.09952365706217878,0.8616151836082209,-0.1031545423869335,0.9075762494788494
9.201957702636719,0,0,0.0,0,0.23021188329085934,0.801977612477571,-0.08277874213456618,0.9416497720717126
9.294505596160889,0,0,0.0,0,0.6874610938718931,0.6913232801516023,-0.08277874213456618,0.8188253798315386
9.38750696182251,0,0,0.0,0,0.8527780363864254,0.6858202753606326,-0.09945236052642553,0.8206467296468677
9.467032194137573,0,0,0.0,0,0.9156575577968291,0.6858202753606326,-0.16600112952851342,0.8188253798315386
9.542772054672241,0,0,0.0,0,1.4243881148471784,0.7669569274879728,-0.2326983204071069,0.8188253798315386
9.622680425643921,0,0,0.0,0,1.9480506676378826,0.8320975034095923,-0.2710950720496169,0.9075762494788494
9.699620723724365,0,0,0.0,0,1.9480506676378826,0.8574152283926043,-0.2326983204071069,0.9075762494788494
9.778659343719482,0,0,0.0,0,1.9480506676378826,0.7669569274879728,-0.16600112952851342,0.9075762494788494
9.856218814849854,0,0,0.0,0,1.9480506676378826,0.6017657633099502,-0.11441387496274857,0.9075762494788494
9.935175895690918,0,0,0.0,0,1.9480506676378826,0.4122196029554742,-0.08958944251056611,0.9075762494788494
10.010519981384277,0,0,0.0,0,1.1855862752137858,0.4122196029554742,-0.08958944251056611,0.9075762494788494
10.08802843093872,0,0,0.0,0,-0.2756343108872866,0.3872044825883339,0.13567357155950788,0.9075762494788494
10.185405731201172,0,0,0.0,0,-1.6790994016480933,-0.554031431018112,0.3162017331673752,0.9075762494788494
10.27666711807251,0,0,0.0,0,-2.885104353756131,-1.6616696429439857,0.3162017331673752,0.8188253798315386
10.355416059494019,0,0,0.0,0,-2.885104353756131,-2.144597164392523,0.3162017331673752,0.8188253798315386
10.43237829208374,0,0,0.0,0,-2.885104353756131,-2.144597164392523,0.3162017331673752,0.9075762494788494
10.508488178253174,0,0,0.0,0,-2.885104353756131,-2.144597164392523,0.3162017331673752,0.9075762494788494
10.587379932403564,0,0,0.0,0,-2.885104353756131,-2.144597164392523,0.3278552653260014,0.9416497720717126
10.665201425552368,0,0,0.0,0,-2.8170933375543927,-2.144597164392523,0.26962450187269427,0.9075762494788494
10.74298357963562,0,0,0.0,0,-1.8982569429896086,-1.7042869620181005,0.26962450187269427,0.9416497720717126
10.823277473449707,0,0,0.0,0,-1.3648432473992764,-1.1296776730178557,0.26962450187269427,0.9075762494788494
10.918723106384277,0,0,0.0,0,-0.34349130458835203,-0.9787901655589013,0.26962450187269427,0.9416497720717126
11.015870094299316,0,0,0.0,0,0.39818674048283687,-0.9787901655589013,0.264196406850171,0.9075762494788494
11.104406356811523,0,0,0.0,0,0.5493744824031512,-0.9254771830153099,0.26962450187269427,0.9416497720717126
11.19380784034729,0,0,0.0,0,0.5493744824031512,-0.8654139035398217,0.26962450187269427,0.9075762494788494
11.271319150924683,0,0,0.0,0,0.5493744824031512,-0.8011942011864797,0.26962450187269427,0.9075762494788494
11.349851846694946,0,0,0.0,0,0.5493744824031512,-0.7506040683562221,0.26962450187269427,0.9075762494788494
11.428550481796265,0,0,0.0,0,0.39818674048283687,-0.7506040683562221,0.2654754966747157,0.9075762494788494
11.508084774017334,0,0,0.0,0,0.2007379292667489,-0.7506040683562221,0.20501607550963885,0.9075762494788494
11.587127923965454,0,0,0.0,0,-0.2916658736386566,-0.5139277254712105,0.08987801938613921,0.9075762494788494
11.664646625518799,0,0,0.0,0,-0.46390245983776535,-0.048484330749003254,-0.015514049142664917,0.9075762494788494
11.744053363800049,0,0,0.0,0,-0.46390245983776535,0.4975012186334459,-0.09278987812286349,0.8188253798315386
11.84434461593628,0,0,0.0,0,-0.46390245983776535,1.0487905303735698,-0.14522066845913625,0.9075762494788494
11.933312177658081,0,0,0.0,0,-0.46390245983776535,1.5442237296966816,-0.17640029010808175,0.9075762494788494
12.01144552230835,0,0,0.0,0,-0.46390245983776535,1.9392849635454725,-0.1764503077102472,0.9075762494788494
12.108967304229736,0,0,0.0,0,0.40173660961544355,2.2588807139775047,-0.1764503077102472,0.9075762494788494
12.200262784957886,0,0,0.0,0,0.9999150511990059,2.2588807139775047,-0.1764503077102472,0.9075762494788494
12.29781460762024,0,0,0.0,0,0.9999150511990059,2.2588807139775047,-0.1764503077102472,0.9075762494788494
12.388333559036255,0,0,0.0,0,0.9999150511990059,2.2588807139775047,-0.1764503077102472,0.9075762494788494
12.479473114013672,0,0,0.0,0,0.9999150511990059,2.2588807139775047,-0.11780864673551136,0.9075762494788494
12.575835943222046,0,0,0.0,0,0.9999150511990059,2.055525108477552,-0.032798076989026925,0.9075762494788494
12.670957565307617,0,0,0.0,0,0.6998472506682977,1.318907593965073,0.03143405086173864,0.9075762494788494
12.761185646057129,0,0,0.0,0,0.27619303266702167,0.5644163102632618,0.07708227466493411,0.9075762494788494
12.854130029678345,0,0,0.0,0,-0.1364363200308975,-0.14468928522410376,0.10205356307230493,0.9075762494788494
12.949053287506104,0,0,0.0,0,-0.5033217029595547,-0.7607758349062475,0.10205356307230493,0.9075762494788494
13.043051481246948,0,0,0.0,0,-0.8002213478039153,-1.252299894573068,0.10205356307230493,0.9075762494788494
13.134010314941406,0,0,0.0,0,-0.9491621672443307,-1.524022584923614,0.10205356307230493,0.9075762494788494
13.227529048919678,0,0,0.0,0,-0.9491621672443307,-1.524022584923614,0.10205356307230493,0.9075762494788494
13.324312448501587,0,0,0.0,0,-0.9491621672443307,-1.524022584923614,0.11310938758349301,0.9416497720717126
13.415847063064575,0,0,0.0,0,-0.9491621672443307,-1.524022584923614,0.11463510697965557,0.9416497720717126
13.510921239852905,0,0,0.0,0,-0.9491621672443307,-1.524022584923614,0.11463510697965557,0.9075762494788494
13.606058597564697,0,0,0.0,0,-0.8840003804465042,-1.4565201565256294,0.11463510697965557,0.9416497720717126
13.698506116867065,0,0,0.0,0,0.23955499124714086,-1.2305608141758264,0.13065216607651348,0.9416497720717126
13.776233911514282,0,0,0.0,0,1.0930522672383247,-1.1209901682045897,0.12295943734614978,0.9075762494788494
13.854444742202759,0,0,0.0,0,1.0930522672383247,-1.0886139158472994,0.12164200182391956,0.9075762494788494
13.950936079025269,0,0,0.0,0,1.0930522672383247,-1.0047584397266855,0.12164200182391956,0.9075762494788494
14.04334044456482,0,0,0.0,0,1.0930522672383247,-0.9127120843582988,0.12164200182391956,0.9075762494788494
14.138383865356445,0,0,0.0,0,1.0930522672383247,-0.8112647961863446,0.12164200182391956,0.8188253798315386
14.227225542068481,0,0,0.0,0,0.38342308682182785,-0.5625847717995803,0.03224338247301412,0.9075762494788494
14.323002338409424,0,0,0.0,0,-0.0671741640417767,-0.1500753585905591,-0.06720659077579613,0.9075762494788494
14.41201114654541,0,0,0.0,0,-0.0671741640417767,0.33954505536370855,-0.1349387827853221,0.9075762494788494
14.50903058052063,0,0,0.0,0,-0.0671741640417767,1.1994720038168474,-0.14406718211353922,0.9075762494788494
14.594568967819214,0,0,0.0,0,-0.11810537184400244,1.916863000117764,-0.14406718211353922,0.9075762494788494
14.673895359039307,0,0,0.0,0,-0.11810537184400244,2.115949942339326,-0.19049474081854906,0.8188253798315386
14.768334150314331,0,0,0.0,0,-0.04361437965108259,2.115949942339326,-0.19049474081854906,0.9416497720717126
14.863554954528809,0,0,0.0,0,0.013943655600401783,2.115949942339326,-0.19049474081854906,0.9416497720717126
14.951354026794434,0,0,0.0,0,0.04050233535870777,2.115949942339326,-0.17305408975160302,0.9416497720717126
15.030972242355347,0,0,0.0,0,0.4040105258910053,2.115949942339326,-0.08890043736547562,0.9416497720717126
15.109281063079834,0,0,0.0,0,0.4956786833398781,1.8946447170144691,-0.04989690651399903,0.9075762494788494
15.1866614818573,0,0,0.0,0,0.524136896663339,1.3249761476910458,0.07672981776613286,0.9416497720717126
15.266172647476196,0,0,0.0,0,0.524136896663339,0.3445866997305866,0.22483974670954732,0.9075762494788494
15.343822240829468,0,0,0.0,0,0.524136896663339,-0.7575469774553877,0.22483974670954732,0.8188253798315386
15.440207481384277,0,0,0.0,0,0.524136896663339,-1.4408839354664662,0.22483974670954732,0.9075762494788494
15.531729936599731,0,0,0.0,0,0.2722287158889616,-1.4408839354664662,0.22483974670954732,0.9075762494788494
15.626724481582642,0,0,0.0,0,-0.7800570025146818,-1.4408839354664662,0.22483974670954732,0.8188253798315386
15.703780174255371,0,0,0.0,0,-1.1290121144904957,-1.4408839354664662,0.03913147521028744,0.8188253798315386
15.796758651733398,0,0,0.0,0,-1.1290121144904957,-1.4408839354664662,-0.1954673764799937,0.9416497720717126
15.876264810562134,0,0,0.0,0,-1.1290121144904957,-1.2612867846469205,-0.1954673764799937,0.9075762494788494
15.954200029373169,0,0,0.0,0,-1.1290121144904957,-0.3256025681322139,-0.2510512008117387,0.8188253798315386
16.032200813293457,0,0,0.0,0,-1.1290121144904957,1.0054811234279288,-0.2510512008117387,0.9075762494788494
16.126893281936646,0,0,0.0,0,-0.3532401705366707,1.5534162490707295,-0.2510512008117387,0.9075762494788494
16.221296072006226,0,0,0.0,0,-0.3532401705366707,1.5534162490707295,-0.1954673764799937,0.9075762494788494
16.31230068206787,0,0,0.0,0,-0.3532401705366707,1.5534162490707295,-0.14673468395076053,0.9075762494788494
16.406760215759277,0,0,0.0,0,-0.3532401705366707,1.5534162490707295,-0.11355865289909574,0.8188253798315386
16.484272718429565,0,0,0.0,0,0.10763345346801959,1.5534162490707295,-0.09896742394858436,0.9416497720717126
16.562287092208862,0,0,0.0,0,0.10763345346801959,0.975940041560365,-0.016961125352254983,0.9075762494788494
16.656798124313354,0,0,0.0,0,-0.43162348726365407,0.10242683286551807,0.12552805957939112,0.9075762494788494
16.747729063034058,0,0,0.0,0,-0.787330234387749,-0.3665357805402311,0.20811778626733562,0.9075762494788494
16.827239751815796,0,0,0.0,0,-1.057292114006008,-0.6462596402814499,0.20811778626733562,0.8188253798315386
16.92494511604309,0,0,0.0,0,-1.3127556387029626,-1.2159180705649375,0.20811778626733562,0.9075762494788494
17.013949632644653,0,0,0.0,0,-1.4650352782136307,-1.4172383237871904,0.20811778626733562,0.9075762494788494
17.109460592269897,0,0,0.0,0,-1.4650352782136307,-1.4172383237871904,0.1689665643570149,0.9075762494788494
17.199138402938843,0,0,0.0,0,-1.4255716456531426,-1.4172383237871904,0.12526696175603885,0.9075762494788494
17.276750087738037,0,0,0.0,0,-1.4255716456531426,-1.4172383237871904,0.14312598295761184,0.9075762494788494
17.355681657791138,0,0,0.0,0,-1.4255716456531426,-1.4172383237871904,0.14066059821833535,0.9075762494788494
17.43270230293274,0,0,0.0,0,-1.4255716456531426,-1.2267146026475992,0.1335134675713207,0.9075762494788494
17.52812886238098,0,0,0.0,0,-1.3491531965362782,-1.0791379070215592,0.11997295998004828,0.9075762494788494
17.62064266204834,0,0,0.0,0,-1.238541545569888,-0.9509330322459844,0.1099086987445955,0.9075762494788494
17.7151517868042,0,0,0.0,0,-1.093555441628406,-0.8228273722361524,0.1099086987445955,0.9075762494788494
17.808045387268066,0,0,0.0,0,-0.9165790873341049,-0.6818198302248439,0.1099086987445955,0.9075762494788494
17.885680198669434,0,0,0.0,0,-0.7129401358651442,-0.5215940868243361,0.1099086987445955,0.9075762494788494
17.96431255340576,0,0,0.0,0,-0.4905464375105616,-0.3418972341739691,0.09654616907954053,0.9075762494788494
18.041672468185425,0,0,0.0,0,-0.2590990538234438,-0.1473078549668222,0.07310372262277316,0.9075762494788494
18.122971057891846,0,0,0.0,0,-0.029125695135051533,0.05427485307534702,0.04980049709249408,0.9075762494788494
18.21540880203247,0,0,0.0,0,0.18898752047885814,0.2531743815720456,0.02807556857263165,0.9075762494788494
18.309276580810547,0,0,0.0,0,0.3858459040592167,0.4393415958876336,0.008900857585555425,0.9075762494788494
18.3848397731781,0,0,0.0,0,0.553706158357139,0.6035142417059244,-0.0071481645829211534,0.9075762494788494
18.464683771133423,0,0,0.0,0,0.6869141952551976,0.7380776053385205,-0.019821060180051798,0.9075762494788494
18.56187868118286,0,0,0.0,0,0.7530522175499071,0.8138483704452553,-0.02912331576243264,0.9075762494788494
18.637388467788696,0,0,0.0,0,0.7530522175499071,0.8138483704452553,-0.03347220524476269,0.9075762494788494
18.730911016464233,0,0,0.0,0,0.7530522175499071,0.8138483704452553,-0.03347220524476269,0.9075762494788494
18.824031352996826,0,0,0.0,0,0.7908817427527854,0.8543322948935521,-0.03563755593838286,0.8188253798315386
18.90239429473877,0,0,0.0,0,0.8215285493833164,0.8854511040121058,-0.0374172652949942,0.9075762494788494
18.980859518051147,0,0,0.0,0,0.8397526760108731,0.9065124702715569,-0.03841312590933589,0.9075762494788494
19.057116746902466,0,0,0.0,0,0.8565031696445333,0.922204976455438,-0.03939297782368125,0.8188253798315386
19.133542776107788,0,0,0.0,0,1.0566379058180053,1.0996709860731624,-0.09493678539334742,0.8188253798315386
19.2122585773468,0,0,0.0,0,1.3559389143006202,1.3053562319843892,-0.21382579283780445,0.9075762494788494
19.29077935218811,0,0,0.0,0,1.4684690159184342,1.3815125848965657,-0.21382579283780445,0.9075762494788494
19.367791891098022,0,0,0.0,0,1.4684690159184342,1.3815125848965657,-0.21382579283780445,0.9075762494788494
19.446877479553223,0,0,0.0,0,1.4684690159184342,1.3815125848965657,-0.21382579283780445,0.9075762494788494
19.526376724243164,0,0,0.0,0,1.4684690159184342,1.3815125848965657,-0.21382579283780445,0.9075762494788494
19.60456681251526,0,0,0.0,0,1.3559389143006202,1.3815125848965657,-0.10806846018477416,0.9075762494788494
19.685129404067993,0,0,0.0,0,0.9503490718784859,1.0750734153013057,0.02571513132037828,0.9075762494788494
19.786646604537964,0,0,0.0,0,0.17817084908164893,0.31910957905067233,0.17954748583178343,0.9416497720717126
19.873159408569336,0,0,0.0,0,-0.5613189245548691,-0.66670328855432,0.27973768617137396,0.9075762494788494
19.96449851989746,0,0,0.0,0,-1.000139819203025,-1.5888877651548388,0.3147510958681633,0.9075762494788494
20.043988943099976,0,0,0.0,0,-1.5205625675846357,-2.3569081206571654,0.3147510958681633,0.9075762494788494
20.14143681526184,0,0,0.0,0,-1.8935486309217797,-2.7812858969092797,0.3147510958681633,0.9075762494788494
20.234733819961548,0,0,0.0,0,-1.8935486309217797,-2.7812858969092797,0.3147510958681633,0.9416497720717126
20.327207803726196,0,0,0.0,0,-1.8935486309217797,-2.7812858969092797,0.3147510958681633,0.9075762494788494
20.421682596206665,0,0,0.0,0,-1.8935486309217797,-2.7812858969092797,0.27473345849604447,0.9416497720717126
20.516441583633423,0,0,0.0,0,-1.3555835925169872,-2.7812858969092797,0.23162798527687117,0.9416497720717126
20.60942053794861,0,0,0.0,0,-0.802036355090967,-2.5887310693093024,0.2214211612781503,0.9075762494788494
20.69980263710022,0,0,0.0,0,-0.5525291958754173,-2.028622503110835,0.20279358416627175,0.9075762494788494
20.796885013580322,0,0,0.0,0,-0.2620054158255401,-1.452762232362736,0.16818782252522196,0.9075762494788494
20.89037251472473,0,0,0.0,0,0.006820283202007046,-0.9269507282774065,0.13544134449814657,0.8188253798315386
20.98089909553528,0,0,0.0,0,0.4684782813039962,-0.4652474385900611,0.09223999919890255,0.9075762494788494
21.076415061950684,0,0,0.0,0,0.8119663188714641,0.06365794385996934,0.003415790041941702,0.9075762494788494
21.1690833568573,0,0,0.0,0,0.9130941864729755,0.6764815460219756,-0.09546067497750022,0.9075762494788494
21.247431755065918,0,0,0.0,0,0.9130941864729755,1.6594604127048274,-0.1514951950538076,0.9075762494788494
21.344544172286987,0,0,0.0,0,0.8507019921511483,2.5768652548488333,-0.1514951950538076,0.9075762494788494
21.436540365219116,0,0,0.0,0,0.774187363536859,2.5768652548488333,-0.1514951950538076,0.9075762494788494
21.531248092651367,0,0,0.0,0,0.6710960596867827,2.5768652548488333,-0.1514951950538076,0.9075762494788494
21.612676858901978,0,0,0.0,0,0.6710960596867827,2.5768652548488333,-0.1514951950538076,0.9075762494788494
21.706335067749023,0,0,0.0,0,0.6710960596867827,2.5768652548488333,-0.1296791277773724,0.9075762494788494
21.78303551673889,0,0,0.0,0,0.47598242785301215,2.519296362616934,-0.06259262246603972,0.9075762494788494
21.86155605316162,0,0,0.0,0,0.20127108724178797,1.865418838309715,-0.009345361320686061,0.9075762494788494
21.95857334136963,0,0,0.0,0,-0.08596213756745541,1.16905488493943,0.030937929229327383,0.9075762494788494
22.037083625793457,0,0,0.0,0,-0.12156942713120292,0.4884332364536775,0.030937929229327383,0.8188253798315386
22.12963366508484,0,0,0.0,0,-0.12156942713120292,0.1847622678828575,0.030937929229327383,0.8188253798315386
22.209181547164917,0,0,0.0,0,-0.12156942713120292,0.1847622678828575,0.030937929229327383,0.8188253798315386
22.287693977355957,0,0,0.0,0,-0.12156942713120292,0.1847622678828575,0.030937929229327383,0.9075762494788494
22.36655354499817,0,0,0.0,0,-0.12156942713120292,0.1847622678828575,-0.027343682083093124,0.9075762494788494
22.445770740509033,0,0,0.0,0,0.4574984109296957,0.1847622678828575,-0.015830095366838375,0.9075762494788494
22.523287057876587,0,0,0.0,0,0.5139361916278805,0.008023477810577703,-0.009062334070474416,0.9075762494788494
22.602104425430298,0,0,0.0,0,0.5139361916278805,0.008023477810577703,-0.006515653357132167,0.9075762494788494
22.69828200340271,0,0,0.0,0,0.7237701064755979,0.008023477810577703,-0.006515653357132167,0.9416497720717126
22.775245666503906,0,0,0.0,0,0.7237701064755979,0.008023477810577703,-0.018370873323014347,0.8188253798315386
22.85318398475647,0,0,0.0,0,0.9522201436058506,0.008023477810577703,0.08280236436433126,0.9416497720717126
22.947986125946045,0,0,0.0,0,0.7237701064755979,-0.6183069519204596,0.08280236436433126,0.8188253798315386
23.04249882698059,0,0,0.0,0,0.4117313443906159,-1.3538661364337423,0.08280236436433126,0.9075762494788494
23.1366069316864,0,0,0.0,0,0.34996495854944487,-1.6723551328430148,0.16929341755883048,0.9416497720717126
23.22786808013916,0,0,0.0,0,0.2018974295428986,-1.7388217762635658,0.24802313192879694,0.9075762494788494
23.305867910385132,0,0,0.0,0,0.03541726515269666,-1.799639025412007,0.24802313192879694,0.9075762494788494
23.398695468902588,0,0,0.0,0,-0.3797676376045253,-1.799639025412007,0.2458909899799312,0.9075762494788494
23.478798151016235,0,0,0.0,0,-0.3992984304545036,-1.799639025412007,0.2184337439239221,0.9075762494788494
23.557097673416138,0,0,0.0,0,-0.9210287152912412,-1.741114725438595,0.18333756490589395,0.9075762494788494
23.635697841644287,0,0,0.0,0,-1.5721665436584114,-1.6810231951199799,0.18333756490589395,0.9075762494788494
23.716962814331055,0,0,0.0,0,-2.1185576259785157,-1.6723551328430148,0.14467810427413513,0.9075762494788494
23.81688690185547,0,0,0.0,0,-2.1185576259785157,-1.5630889238897976,0.17071923004106254,0.9416497720717126
23.902274131774902,0,0,0.0,0,-2.1185576259785157,-1.3062096743943288,0.17071923004106254,0.9075762494788494
23.98241949081421,0,0,0.0,0,-2.1185576259785157,-0.9690517160655613,0.14467810427413513,0.9075762494788494
24.076573848724365,0,0,0.0,0,-2.1185576259785157,-0.5877990920528685,0.10878411605640789,0.9075762494788494
24.168922901153564,0,0,0.0,0,-1.1724915214836644,-0.23835237627931774,0.08953509403111234,0.9075762494788494
24.24872088432312,0,0,0.0,0,-0.16457213747244132,0.007846253859607369,0.06869137035971026,0.9075762494788494
24.3471896648407,0,0,0.0,0,-0.09814423352291261,0.23161585144847663,0.03813736891167488,0.9075762494788494
24.43789529800415,0,0,0.0,0,-0.028999139367943336,0.5050036512673026,0.03813736891167488,0.9416497720717126
24.534507274627686,0,0,0.0,0,0.08656074652017907,0.7917750364238472,0.03813736891167488,0.9416497720717126
24.624908447265625,0,0,0.0,0,0.24837591191169966,0.9112044031669775,0.03846342538923101,0.9075762494788494
24.717675924301147,0,0,0.0,0,0.28717399975776303,0.9112044031669775,0.03846342538923101,0.9416497720717126
24.795466899871826,0,0,0.0,0,1.3453131388573365,0.9112044031669775,0.03846342538923101,0.9416497720717126
24.89179825782776,0,0,0.0,0,1.8663485880086708,0.9112044031669775,0.050869412132626066,0.9075762494788494
24.983824491500854,0,0,0.0,0,1.8663485880086708,0.9112044031669775,0.050869412132626066,0.9075762494788494
25.077133178710938,0,0,0.0,0,1.8663485880086708,0.7628856825690076,0.050869412132626066,0.9075762494788494
25.17140555381775,0,0,0.0,0,1.8663485880086708,0.47851623917529534,0.050869412132626066,0.9075762494788494
25.249913454055786,0,0,0.0,0,1.8663485880086708,0.4313450219454162,0.050869412132626066,0.9075762494788494
25.32738447189331,0,0,0.0,0,0.7199930822166173,0.4313450219454162,0.0001312153635273025,0.9075762494788494
25.407134294509888,0,0,0.0,0,-0.4442032040458785,0.4313450219454162,-0.08388369688147124,0.9075762494788494
25.484214544296265,0,0,0.0,0,-1.0538051438701377,0.4313450219454162,-0.13652160881087086,0.9075762494788494
25.56182289123535,0,0,0.0,0,-1.0950236682087735,0.4313450219454162,-0.1434885160185862,0.9075762494788494
25.659106969833374,0,0,0.0,0,-1.0950236682087735,0.6429424397755874,-0.1434885160185862,0.9416497720717126
25.747473001480103,0,0,0.0,0,-1.0950236682087735,0.6429424397755874,-0.1434885160185862,0.9075762494788494
25.82763361930847,0,0,0.0,0,-1.0950236682087735,0.6429424397755874,-0.1434885160185862,0.9416497720717126
25.905040502548218,0,0,0.0,0,-1.0950236682087735,0.6429424397755874,-0.1434885160185862,0.9416497720717126
25.98370862007141,0,0,0.0,0,-0.23573810002611345,0.6429424397755874,-0.056365648156267226,0.9416497720717126
26.077880144119263,0,0,0.0,0,0.6273665694523396,0.5943034059184179,0.03513374804304273,0.9075762494788494
26.16739249229431,0,0,0.0,0,0.6273665694523396,0.26521794481988636,0.04105529973835551,0.9075762494788494
26.264914989471436,0,0,0.0,0,0.6273665694523396,-0.16006108846925765,0.08017791524580792,0.9416497720717126
26.36049175262451,0,0,0.0,0,0.6273665694523396,-0.6602506488441601,0.08017791524580792,0.9075762494788494
26.450925588607788,0,0,0.0,0,0.6273665694523396,-0.9037688164787154,0.09285647690281028,0.9416497720717126
26.54778027534485,0,0,0.0,0,0.4449662159820832,-0.9037688164787154,0.09285647690281028,0.9075762494788494
26.634111166000366,0,0,0.0,0,0.3125208983062524,-0.9037688164787154,0.09285647690281028,0.9075762494788494
26.728759288787842,0,0,0.0,0,-0.23078186872928794,-0.9037688164787154,0.05373386139535787,0.9075762494788494
26.80676507949829,0,0,0.0,0,-0.8288430643224949,-0.9037688164787154,0.014393168925722295,0.9075762494788494
26.90454125404358,0,0,0.0,0,-0.9758591502470899,-0.7844487330705863,-0.017362580142820175,0.9075762494788494
26.99633240699768,0,0,0.0,0,-1.212786282343171,-0.5020125198434187,-0.06995609582481216,0.9075762494788494
27.07340979576111,0,0,0.0,0,-1.2556545824401937,-0.12293040062924641,-0.1304974935859844,0.9075762494788494
27.167235136032104,0,0,0.0,0,-1.2556545824401937,0.28120505541138713,-0.14355012349070567,0.9075762494788494
27.26175332069397,0,0,0.0,0,-1.2556545824401937,0.6531970792197563,-0.14355012349070567,0.9075762494788494
27.35473942756653,0,0,0.0,0,-1.2556545824401937,0.9442636706368636,-0.14355012349070567,0.9075762494788494
27.432765007019043,0,0,0.0,0,-1.2556545824401937,0.9442636706368636,-0.14355012349070567,0.9416497720717126
27.512787342071533,0,0,0.0,0,-0.9148030234956386,0.9442636706368636,-0.14355012349070567,0.9075762494788494
27.590810298919678,0,0,0.0,0,-0.5993067719216009,0.9442636706368636,-0.12038377696949804,0.9416497720717126
27.67269492149353,0,0,0.0,0,-0.33326400441785253,0.9442636706368636,-0.0938845488921926,0.9075762494788494
27.766793966293335,0,0,0.0,0,-0.026891589805825025,0.9126378857375927,-0.010682505213048865,0.9075762494788494
27.84235692024231,0,0,0.0,0,-0.026891589805825025,0.543399781096688,0.0363077988579943,0.9075762494788494
27.937869548797607,0,0,0.0,0,-0.026891589805825025,0.10478874673901961,0.0363077988579943,0.9075762494788494
28.016961812973022,0,0,0.0,0,-0.026891589805825025,-0.3346493917552618,0.0363077988579943,0.9075762494788494
28.110475778579712,0,0,0.0,0,-0.026891589805825025,-0.5508815479690125,0.0363077988579943,0.9075762494788494
28.204567193984985,0,0,0.0,0,-0.1681679086829317,-0.5508815479690125,0.0363077988579943,0.9075762494788494
28.28209614753723,0,0,0.0,0,-0.6944114162782483,-0.5508815479690125,-0.002744119820270483,0.9075762494788494
28.359603881835938,0,0,0.0,0,-0.8112139666177718,-0.5508815479690125,-0.029763778821803366,0.9075762494788494
28.45411729812622,0,0,0.0,0,-0.8112139666177718,-0.5508815479690125,-0.04678264138511051,0.8188253798315386
28.54926586151123,0,0,0.0,0,-0.8112139666177718,-0.45502681474309187,-0.0536859902929079,0.9075762494788494
28.638395071029663,0,0,0.0,0,-0.8112139666177718,-0.2726279458659691,-0.05633561361752981,0.9075762494788494
28.71661353111267,0,0,0.0,0,-0.8112139666177718,-0.10531358167478176,-0.05837629994660819,0.9075762494788494
28.79376220703125,0,0,0.0,0,-0.13371660819614678,0.398280187426601,-0.05837629994660819,0.9075762494788494
28.872380256652832,0,0,0.0,0,0.3296576793881622,0.6220817190621601,-0.05837629994660819,0.9075762494788494
28.95107388496399,0,0,0.0,0,0.3296576793881622,0.6220817190621601,-0.05837629994660819,0.9075762494788494
29.02930474281311,0,0,0.0,0,0.3296576793881622,0.6220817190621601,-0.05633561361752981,0.9075762494788494
29.107523918151855,0,0,0.0,0,0.46830713526487955,0.6220817190621601,-0.018832731055692168,0.9416497720717126
29.186650276184082,0,0,0.0,0,0.46830713526487955,0.6220817190621601,0.04472335546045484,0.9075762494788494
29.26702880859375,0,0,0.0,0,0.3700437075852345,0.20283164929708108,0.09121247217200493,0.9075762494788494
29.345945835113525,0,0,0.0,0,0.3700437075852345,-0.22122151604879114,0.12002126923388626,0.9416497720717126
29.435970783233643,0,0,0.0,0,0.23139425170851716,-0.654979746014805,0.15407027751623487,0.9075762494788494
29.513949394226074,0,0,0.0,0,0.046166289419511015,-1.1088040562921075,0.15407027751623487,0.9075762494788494
29.592334747314453,0,0,0.0,0,-0.14850578783456503,-1.3406736686285696,0.15407027751623487,0.9075762494788494
29.672205209732056,0,0,0.0,0,-0.29064414531435667,-1.3406736686285696,0.15407027751623487,0.9075762494788494
29.74800729751587,0,0,0.0,0,-0.448932462336853,-1.3406736686285696,0.15407027751623487,0.9075762494788494
29.82486391067505,0,0,0.0,0,-0.7187451364035273,-1.3406736686285696,0.13685138439432779,0.9075762494788494
29.905637741088867,0,0,0.0,0,-0.869980871786223,-1.3406736686285696,0.062442431992746364,0.9075762494788494
29.98263716697693,0,0,0.0,0,-0.869980871786223,-1.1344931934413482,0.003526888999579935,0.9075762494788494
30.06078815460205,0,0,0.0,0,-0.869980871786223,-0.6895469985668778,-0.03999363865837538,0.9075762494788494
30.15540313720703,0,0,0.0,0,-0.869980871786223,-0.2248043117831465,-0.06992059844095436,0.9075762494788494
30.247796058654785,0,0,0.0,0,-0.869980871786223,0.2146788867253579,-0.08033886609503053,0.9075762494788494
30.32580018043518,0,0,0.0,0,-0.6560650705597225,0.5952033095958569,-0.08033886609503053,0.9075762494788494
30.404311656951904,0,0,0.0,0,-0.34980391052106863,0.8946135434846605,-0.08033886609503053,0.9075762494788494
30.50292682647705,0,0,0.0,0,-0.06951787673821792,1.0070832049925293,-0.08033886609503053,0.9075762494788494
30.595738649368286,0,0,0.0,0,0.1647427758515831,1.0070832049925293,-0.08033886609503053,0.9075762494788494
30.68495225906372,0,0,0.0,0,0.3420464145551219,1.0070832049925293,-0.07270320963113408,0.9075762494788494
30.77893090248108,0,0,0.0,0,0.40043898668456357,1.0070832049925293,-0.05979784710395835,0.9075762494788494
30.870064735412598,0,0,0.0,0,0.4400670266038923,1.0070832049925293,-0.046535216507272784,0.9416497720717126
30.94880986213684,0,0,0.0,0,0.4834350045348197,0.9005341916121573,-0.03371078799502733,0.9416497720717126
31.026827096939087,0,0,0.0,0,0.5099682467417022,0.7066628001334051,-0.03371078799502733,0.8206467296468677
31.121397495269775,0,0,0.0,0,0.5255866094965681,0.4993587508948526,-0.021908217425473917,0.9416497720717126
31.218348026275635,0,0,0.0,0,1.3978537968803781,0.27906748397958786,-0.014810963028952621,0.9075762494788494
31.31486201286316,0,0,0.0,0,1.3978537968803781,0.1303835902870762,-0.01306605409958686,0.9075762494788494
31.404529571533203,0,0,0.0,0,1.6030087186369302,0.09193183372823888,-0.012740914776841205,0.9416497720717126
31.500553607940674,0,0,0.0,0,1.642477903069803,-0.02063956202699036,-0.009683551226354382,0.9416497720717126
31.596078872680664,0,0,0.0,0,1.642477903069803,-0.20081817303388413,0.06955553806641811,0.9416497720717126
31.686646223068237,0,0,0.0,0,1.642477903069803,-0.3228055926877047,0.15203324351147932,0.9075762494788494
31.76562476158142,0,0,0.0,0,0.9833669793767831,-0.4141011417824922,0.09899288062298223,0.9075762494788494
31.86197781562805,0,0,0.0,0,0.8865434604529248,-0.6197921670199902,0.01975379133020973,0.9075762494788494
31.9533908367157,0,0,0.0,0,0.6322858352872169,-0.7340120208966875,0.01975379133020973,0.9075762494788494
32.032474756240845,0,0,0.0,0,-0.525820335506261,-0.7340120208966875,0.01975379133020973,0.9075762494788494
32.12271738052368,0,0,0.0,0,-2.2139540462842597,-0.7340120208966875,0.01975379133020973,0.9075762494788494
32.21479821205139,0,0,0.0,0,-2.822094510681441,-0.7340120208966875,0.012020637589421478,0.9075762494788494
32.29496645927429,0,0,0.0,0,-2.822094510681441,-0.7340120208966875,-0.05608150609742407,0.9075762494788494
32.37299942970276,0,0,0.0,0,-2.822094510681441,-0.46706388976212404,-0.10171651541815907,0.9075762494788494
32.4512505531311,0,0,0.0,0,-2.822094510681441,-0.035868037409453796,-0.11402225696372043,0.9075762494788494
32.52726125717163,0,0,0.0,0,-2.822094510681441,0.3659265290233835,-0.11402225696372043,0.9075762494788494
32.608768463134766,0,0,0.0,0,-2.379628488058367,0.7011382090223964,-0.11402225696372043,0.9416497720717126
32.70128512382507,0,0,0.0,0,-1.7362718718689991,0.7423679426926932,-0.11402225696372043,0.9075762494788494
32.795984506607056,0,0,0.0,0,-1.124833452024935,0.7423679426926932,-0.11402225696372043,0.9075762494788494
32.88751244544983,0,0,0.0,0,-0.5843837163784487,0.7423679426926932,-0.09893413140377266,0.9075762494788494
32.982826471328735,0,0,0.0,0,-0.00851583220427421,0.7423679426926932,-0.05118926977776053,0.9075762494788494
33.07934236526489,0,0,0.0,0,0.2272659094440579,0.7423679426926932,-0.01715661728767367,0.9075762494788494
33.169126749038696,0,0,0.0,0,0.2272659094440579,0.5027312466111851,-0.01715661728767367,0.9075762494788494
33.26471543312073,0,0,0.0,0,0.2272659094440579,0.2672191935291989,-0.01715661728767367,0.9075762494788494
33.35397911071777,0,0,0.0,0,0.2272659094440579,0.09157164858562619,-0.01715661728767367,0.9075762494788494
33.434521198272705,0,0,0.0,0,0.2272659094440579,-0.032605371293667515,-0.01677356991409607,0.9075762494788494
33.52916169166565,0,0,0.0,0,0.07506887320630724,-0.11520207504989136,-0.018344630636761342,0.9075762494788494
33.6226761341095,0,0,0.0,0,-0.023648647913960385,-0.16608840631844818,-0.018344630636761342,0.9075762494788494
33.72129511833191,0,0,0.0,0,-0.0830559578330265,-0.19230821696363415,-0.018344630636761342,0.9075762494788494
33.8118052482605,0,0,0.0,0,-0.10898940815360218,-0.19662089770916413,-0.018344630636761342,0.9075762494788494
33.90311551094055,0,0,0.0,0,-0.10898940815360218,-0.19662089770916413,-0.018344630636761342,0.9075762494788494
33.982417821884155,0,0,0.0,0,-0.10898940815360218,-0.19662089770916413,-0.014112836495373031,0.9075762494788494
34.05822205543518,0,0,0.0,0,-0.10898940815360218,-0.19662089770916413,-0.009741661489676132,0.9075762494788494
34.13630437850952,0,0,0.0,0,-0.10898940815360218,-0.19662089770916413,-0.0055613664083595145,0.9075762494788494
34.21671795845032,0,0,0.0,0,-0.10894751224158825,-0.19009185758407204,-0.00180129943939691,0.9075762494788494
34.29527282714844,0,0,0.0,0,-0.1001668578972287,-0.18321521950633027,0.0013951226188295188,0.9075762494788494
34.37485122680664,0,0,0.0,0,-0.09183663907691489,-0.18321521950633027,0.003955344042515817,0.9416497720717126
34.454413414001465,0,0,0.0,0,-0.08396732312427571,-0.18321521950633027,0.005863099316999304,0.9075762494788494
34.549721240997314,0,0,0.0,0,-0.0763473664319956,-0.18321521950633027,0.0071448125070327564,0.9075762494788494
34.62776041030884,0,0,0.0,0,-0.06869045448223947,-0.18321521950633027,0.007857314605734758,0.9416497720717126
34.705267667770386,0,0,0.0,0,0.14933063286312767,-0.19967660097196932,0.033414661302809005,0.9416497720717126
34.798604011535645,0,0,0.0,0,0.6924462002232766,-0.30438596202336166,0.08253471307813216,0.9416497720717126
34.880107402801514,0,0,0.0,0,0.9469614503625736,-0.41728107026877304,0.1165647833204014,0.9075762494788494
34.95632362365723,0,0,0.0,0,0.9469614503625736,-0.4760790451059418,0.1165647833204014,0.9075762494788494
35.0328574180603,0,0,0.0,0,0.9469614503625736,-0.49885744298316953,0.1165647833204014,0.9075762494788494
35.13043475151062,0,0,0.0,0,0.9469614503625736,-0.49885744298316953,0.1165647833204014,0.9075762494788494
35.20728015899658,0,0,0.0,0,0.6179926517047355,-0.49885744298316953,0.08253471307813216,0.9075762494788494
35.28626465797424,0,0,0.0,0,-0.07618231221296026,-0.49885744298316953,0.03416431843708706,0.9075762494788494
35.382205963134766,0,0,0.0,0,-0.9306296607192426,-0.49885744298316953,-0.03263092841827684,0.9075762494788494
35.474273920059204,0,0,0.0,0,-0.9306296607192426,-0.27490672188631016,-0.04178759988375486,0.9416497720717126
35.571752309799194,0,0,0.0,0,-0.9306296607192426,0.1654069203077213,-0.04178759988375486,0.9416497720717126
35.650272607803345,0,0,0.0,0,-0.9306296607192426,0.5931611095761842,-0.04178759988375486,0.9075762494788494
35.728281021118164,0,0,0.0,0,-0.9306296607192426,0.7233464651189478,-0.0532937252858582,0.9075762494788494
35.807193756103516,0,0,0.0,0,-0.9115522555708901,0.7233464651189478,-0.07233912684151489,0.9075762494788494
35.900710105895996,0,0,0.0,0,-0.1957650210652581,0.7233464651189478,-0.050791774836306425,0.9416497720717126
35.99485993385315,0,0,0.0,0,0.11028589653560397,0.7233464651189478,-0.020240247878546398,0.9075762494788494
36.09036040306091,0,0,0.0,0,0.11028589653560397,0.7233464651189478,-0.020240247878546398,0.9075762494788494
36.183685302734375,0,0,0.0,0,0.11028589653560397,0.6049941604027876,-0.020240247878546398,0.9075762494788494
36.286133766174316,0,0,0.0,0,0.11028589653560397,0.6049941604027876,-0.020240247878546398,0.8188253798315386
36.371071338653564,0,0,0.0,0,0.11028589653560397,0.6049941604027876,-0.040024864386122294,0.8188253798315386
36.450599670410156,0,0,0.0,0,0.11028589653560397,0.6049941604027876,-0.059070265941778985,0.9416497720717126
