Time,Reference X Velocity,Reference Y Velocity,Reference Angular Velocity,Reference Angle,Measured X Velocity,Measured Y Velocity,Measured Angular Velocity,Measured Angle,Measured X,Measured Y
0.3583052158355713,0,0,0.0,0,-7.908555771932325,-0.8760672310396896,0.17684291428058935,0.9416497720717126,-41.03079572219521,-3.180229451267458
0.5444087982177734,0,0,0.0,0,-14.998594376701934,-1.7886854997364448,0.33313095863311804,0.9416497720717126,-41.03079572219521,-3.180229451267458
0.6780076026916504,0,0,0.0,0,-22.088632981471545,-2.7013037684332,0.48941900298564667,0.9613688097500148,-42.20828093161023,-3.1855490851747716
0.8005199432373047,0,0,0.0,0,-31.70703090648329,-4.100726605873194,0.6967309105264129,0.8188253798315386,-41.39711252453859,-3.1752073556244307
0.9255437850952148,0,0,0.0,0,-41.32542883149503,-5.500149443313188,0.9040428180671791,0.8188253798315386,-41.39711252453859,-3.1752073556244307
1.0510814189910889,0,0,0.0,0,-51.932919798882494,-7.1254421963807,1.083821980909615,0.9029327003920917,-42.81113618827357,-3.2289354005636604
1.1597402095794678,0,0,0.0,0,-62.540410766269964,-8.750734949448212,1.263601143752051,0.8188253798315386,-41.39711252453859,-3.1752073556244307
1.285322904586792,0,0,0.0,0,-73.14952178332189,-10.574449101698072,1.4382210060258087,0.8188253798315386,-41.39711252453859,-3.1752073556244307
1.3919894695281982,0,0,0.0,0,-83.7586328003738,-12.39816325394793,1.6128408682995665,0.9075762494788494,-41.497609349388746,-3.213418717911643
1.5005159378051758,0,0,0.0,0,-93.93121275593809,-14.479774830053898,1.8024050228199164,0.9416497720717126,-41.03079572219521,-3.180229451267458
1.6111559867858887,0,0,0.0,0,-111.96437422433826,-18.45519389968397,2.103232657396637,0.9416497720717126,-41.03079572219521,-3.180229451267458
1.7215962409973145,0,0,0.0,0,-125.68882216080758,-22.104123982098507,2.2880497791109766,0.9416497720717126,-41.03079572219521,-3.180229451267458
1.8432395458221436,0,0,0.0,0,-135.37495776964442,-25.646096110326585,2.442271874022109,0.9075762494788494,-41.497609349388746,-3.213418717911643
1.9527530670166016,0,0,0.0,0,-138.30319212263743,-29.11503498448818,2.498542892722533,0.9075762494788494,-41.497609349388746,-3.213418717911643
2.0787532329559326,0,0,0.0,0,-138.30319212263743,-32.3152326376601,2.498542892722533,0.9075762494788494,-41.497609349388746,-3.213418717911643
2.2048871517181396,0,0,0.0,0,-138.30319212263743,-35.17559521094675,2.498542892722533,0.9075762494788494,-41.497609349388746,-3.213418717911643
2.314006805419922,0,0,0.0,0,-138.30319212263743,-37.62246934627256,2.498542892722533,0.9075762494788494,-41.497609349388746,-3.213418717911643
2.4384098052978516,0,0,0.0,0,-138.30319212263743,-39.64125657379016,2.498542892722533,0.9075762494788494,-41.497609349388746,-3.213418717911643
2.562304973602295,0,0,0.0,0,-135.3838048263862,-41.292260725709035,2.414872211904526,0.9075762494788494,-41.497609349388746,-3.213418717911643
2.688927173614502,0,0,0.0,0,-131.06261728248916,-42.60105249640088,2.292681227887628,0.9416497720717126,-41.03079572219521,-3.180229451267458
2.800156354904175,0,0,0.0,0,-126.29284450694483,-43.59099486788911,2.165228119492511,0.9075762494788494,-41.497609349388746,-3.213418717911643
2.9088590145111084,0,0,0.0,0,-121.22880848253847,-44.111262966159565,2.0358762857715273,0.9075762494788494,-41.497609349388746,-3.213418717911643
3.0173816680908203,0,0,0.0,0,-115.97202536775218,-44.111262966159565,1.9067989624481103,0.9075762494788494,-41.497609349388746,-3.213418717911643
3.1417129039764404,0,0,0.0,0,-110.40758363564579,-44.111262966159565,1.7898848694665896,0.9075762494788494,-41.497609349388746,-3.213418717911643
3.2494704723358154,0,0,0.0,0,-104.78586946833985,-44.111262966159565,1.6734801650026212,0.9075762494788494,-41.497609349388746,-3.213418717911643
3.359935998916626,0,0,0.0,0,-99.29809510014637,-44.111262966159565,1.547614889310474,0.9416497720717126,-41.03079572219521,-3.180229451267458
3.468451738357544,0,0,0.0,0,-93.73239921025272,-43.84779292170834,1.424986026836458,0.9075762494788494,-41.497609349388746,-3.213418717911643
3.579252243041992,0,0,0.0,0,-88.08999727894411,-42.991711199967845,1.305476435342526,0.9075762494788494,-41.497609349388746,-3.213418717911643
3.6892502307891846,0,0,0.0,0,-82.36896699067017,-41.88815476514128,1.1889204473131616,0.9075762494788494,-41.497609349388746,-3.213418717911643
3.803072929382324,0,0,0.0,0,-76.41920657395191,-40.56692432133704,1.0847849092954127,0.9075762494788494,-41.497609349388746,-3.213418717911643
3.912585496902466,0,0,0.0,0,-70.41888610783582,-39.019866018065805,0.9818099652385077,0.9075762494788494,-41.497609349388746,-3.213418717911643
4.031606435775757,0,0,0.0,0,-64.51562008237013,-37.22416321754177,0.8704440019395675,0.9075762494788494,-41.497609349388746,-3.213418717911643
4.154876947402954,0,0,0.0,0,-58.535641058310134,-35.1982576968051,0.7619572581541805,0.9416497720717126,-41.03079572219521,-3.180229451267458
4.27992844581604,0,0,0.0,0,-52.49283973328818,-32.953684923658166,0.6564097722782662,0.9416497720717126,-41.03079572219521,-3.180229451267458
4.393054246902466,0,0,0.0,0,-46.40674414653935,-30.505268906620365,0.5539474776936419,0.9075762494788494,-41.497609349388746,-3.213418717911643
4.5179548263549805,0,0,0.0,0,-40.30243253920072,-27.871374388684764,0.45479271563245927,0.9416497720717126,-41.03079572219521,-3.180229451267458
4.6436309814453125,0,0,0.0,0,-34.071161263343186,-25.08646402526752,0.3696343486045213,0.9075762494788494,-41.497609349388746,-3.213418717911643
4.762339353561401,0,0,0.0,0,-27.778982185921166,-22.189363886673213,0.2974134503854049,0.9075762494788494,-41.497609349388746,-3.213418717911643
4.877238988876343,0,0,0.0,0,-21.770800114344105,-19.196983331434105,0.21599220614872758,0.9075762494788494,-41.497609349388746,-3.213418717911643
4.986750602722168,0,0,0.0,0,-15.90710794381218,-16.1292373951381,0.13831046423111631,0.9075762494788494,-41.497609349388746,-3.213418717911643
5.092262268066406,0,0,0.0,0,-10.22584371974586,-13.019202738613608,0.06435780175726678,0.9075762494788494,-41.497609349388746,-3.213418717911643
5.202396631240845,0,0,0.0,0,-4.901582377694572,-9.888910870678725,-0.016429468109401903,0.9075762494788494,-41.497609349388746,-3.213418717911643
5.309910297393799,0,0,0.0,0,0.20756035550961793,-6.761208774047076,-0.09105198485641093,0.9416497720717126,-41.03079572219521,-3.180229451267458
5.413432836532593,0,0,0.0,0,5.069314575993186,-3.6682059113613392,-0.159361000999847,0.9075762494788494,-41.497609349388746,-3.213418717911643
5.52721905708313,0,0,0.0,0,9.656103505159585,-0.64007203031417,-0.22128934036986153,0.9075762494788494,-41.497609349388746,-3.213418717911643
5.635174512863159,0,0,0.0,0,13.945715275333864,2.295709507352391,-0.27685473269286776,0.9075762494788494,-41.497609349388746,-3.213418717911643
5.74550986289978,0,0,0.0,0,18.06219349470455,5.11471278752063,-0.3142247598303558,0.9416497720717126,-41.03079572219521,-3.180229451267458
5.855895519256592,0,0,0.0,0,21.81666062342274,7.7794623191933985,-0.34740166426725233,0.9416497720717126,-41.03079572219521,-3.180229451267458
5.9626991748809814,0,0,0.0,0,25.068423961327127,10.276597382009449,-0.3883840465859304,0.9416497720717126,-41.03079572219521,-3.180229451267458
6.0707526206970215,0,0,0.0,0,28.000424657196227,12.613170426561547,-0.4234753260376788,0.9075762494788494,-41.497609349388746,-3.213418717911643
6.181263208389282,0,0,0.0,0,30.75550478355043,14.781784068325166,-0.4409966025221099,0.9075762494788494,-41.497609349388746,-3.213418717911643
6.307967185974121,0,0,0.0,0,33.30305585992089,16.75914271755176,-0.44329249885629285,0.9075762494788494,-41.497609349388746,-3.213418717911643
6.436995983123779,0,0,0.0,0,35.4820577416866,18.52617863225761,-0.4445787036429338,0.9075762494788494,-41.497609349388746,-3.213418717911643
6.557344198226929,0,0,0.0,0,37.179064523662746,20.08671093108108,-0.4568194129910732,0.9075762494788494,-41.497609349388746,-3.213418717911643
6.668986082077026,0,0,0.0,0,38.45776103759833,21.465798058363735,-0.4780893080423436,0.9075762494788494,-41.497609349388746,-3.213418717911643
6.780137062072754,0,0,0.0,0,39.51403192745734,22.688940686313842,-0.49476510230228593,0.9075762494788494,-41.497609349388746,-3.213418717911643
6.8896472454071045,0,0,0.0,0,40.3627408345871,23.76037695945296,-0.5073244790846487,0.9075762494788494,-41.497609349388746,-3.213418717911643
7.013681888580322,0,0,0.0,0,41.01897289343587,24.68545579148563,-0.5162228822901402,0.9075762494788494,-41.497609349388746,-3.213418717911643
7.12419581413269,0,0,0.0,0,41.49774269511141,25.47038176473275,-0.5162228822901402,0.9416497720717126,-41.03079572219521,-3.180229451267458
7.234805107116699,0,0,0.0,0,41.81376292645033,26.121987239359484,-0.5162228822901402,0.9416497720717126,-41.03079572219521,-3.180229451267458
7.360578775405884,0,0,0.0,0,41.81376292645033,26.64753350198541,-0.5162228822901402,0.9075762494788494,-41.497609349388746,-3.213418717911643
7.484109163284302,0,0,0.0,0,41.81376292645033,27.05454090295875,-0.5162228822901402,0.9075762494788494,-41.497609349388746,-3.213418717911643
7.593699216842651,0,0,0.0,0,41.81376292645033,27.29662461721815,-0.5077291018354197,0.9075762494788494,-41.497609349388746,-3.213418717911643
7.719255685806274,0,0,0.0,0,41.81376292645033,27.29662461721815,-0.4836325843088708,0.9075762494788494,-41.497609349388746,-3.213418717911643
7.8271942138671875,0,0,0.0,0,41.743252540433325,27.29662461721815,-0.47128848768720866,0.9075762494788494,-41.497609349388746,-3.213418717911643
7.9352335929870605,0,0,0.0,0,41.28677448574718,27.29662461721815,-0.46975707570809516,0.9075762494788494,-41.497609349388746,-3.213418717911643
8.044674634933472,0,0,0.0,0,40.7250160353842,27.29662461721815,-0.46661365680634387,0.9075762494788494,-41.497609349388746,-3.213418717911643
8.171567916870117,0,0,0.0,0,40.11057942710103,27.25891556187672,-0.4621002037400157,0.9075762494788494,-41.497609349388746,-3.213418717911643
8.282096147537231,0,0,0.0,0,39.45018266760978,27.020745096540765,-0.4564314896630088,0.9075762494788494,-41.497609349388746,-3.213418717911643
8.401362180709839,0,0,0.0,0,38.749946573082255,26.72874236141022,-0.44979742123981886,0.9075762494788494,-41.497609349388746,-3.213418717911643
8.523446321487427,0,0,0.0,0,38.015443452536125,26.387991122037832,-0.4423653226002204,0.9075762494788494,-41.497609349388746,-3.213418717911643
8.635851860046387,0,0,0.0,0,37.25174303869185,26.003272206145766,-0.43428212602943495,0.9075762494788494,-41.497609349388746,-3.213418717911643
8.760908603668213,0,0,0.0,0,36.46345535739802,25.579074980893427,-0.4256764402436294,0.9075762494788494,-41.497609349388746,-3.213418717911643
8.868621110916138,0,0,0.0,0,35.65477041236423,25.119609259568236,-0.4166604787284637,0.9416497720717126,-41.03079572219521,-3.180229451267458
8.993408441543579,0,0,0.0,0,34.82949469350375,24.62881740548862,-0.40733183944693796,0.9416497720717126,-41.03079572219521,-3.180229451267458
9.103288650512695,0,0,0.0,0,33.991084606710004,24.11038646014599,-0.3977751337529693,0.9416497720717126,-41.03079572219521,-3.180229451267458
9.227803468704224,0,0,0.0,0,33.142676980450574,23.567760168008125,-0.3880634670304408,0.9416497720717126,-41.03079572219521,-3.180229451267458
9.354317665100098,0,0,0.0,0,32.38939526023394,23.00623371140277,-0.36932302262692995,0.9075762494788494,-41.497609349388746,-3.213418717911643
9.480848789215088,0,0,0.0,0,31.70626142610622,22.41543414546416,-0.34302352902985966,0.9075762494788494,-41.497609349388746,-3.213418717911643
9.590856790542603,0,0,0.0,0,30.969795512149197,21.785006059207575,-0.32598089950960635,0.8270064047421177,-41.337554771054805,-3.260011134136567
9.696289300918579,0,0,0.0,0,30.189739592625962,21.121965210500047,-0.31479559376924304,0.9416497720717126,-41.03079572219521,-3.180229451267458
9.804269075393677,0,0,0.0,0,29.275993733999485,20.432129791876555,-0.30222991412144307,0.9416497720717126,-41.03079572219521,-3.180229451267458
9.916067123413086,0,0,0.0,0,28.262377097581258,19.733930230572142,-0.2921706226474054,0.9416497720717126,-41.03079572219521,-3.180229451267458
10.026042461395264,0,0,0.0,0,27.35856031873829,19.04615464216057,-0.28751664808376054,0.9416497720717126,-41.03079572219521,-3.180229451267458
10.137608766555786,0,0,0.0,0,26.59064092163419,18.395718014618488,-0.28595653600111814,0.9416497720717126,-41.03079572219521,-3.180229451267458
10.250126600265503,0,0,0.0,0,25.848727193506434,17.764243582901607,-0.27932839956240185,0.9416497720717126,-41.03079572219521,-3.180229451267458
10.372705459594727,0,0,0.0,0,25.081188194085083,17.11175924236218,-0.26355609076939146,0.9416497720717126,-41.03079572219521,-3.180229451267458
10.493690252304077,0,0,0.0,0,24.294148445450723,16.44309858715883,-0.24432335955022075,0.9416497720717126,-41.03079572219521,-3.180229451267458
10.603236198425293,0,0,0.0,0,23.493122037288536,15.762722024906768,-0.22704489397254662,0.9416497720717126,-41.03079572219521,-3.180229451267458
10.712293148040771,0,0,0.0,0,22.683050168620127,15.074714759417628,-0.2115171104321325,0.9416497720717126,-41.03079572219521,-3.180229451267458
10.821609258651733,0,0,0.0,0,21.868339434744676,14.382791687617825,-0.19755734736072378,0.9416497720717126,-41.03079572219521,-3.180229451267458
10.933432340621948,0,0,0.0,0,21.05290005827937,13.690307497464438,-0.18500173403580145,0.9416497720717126,-41.03079572219521,-3.180229451267458
11.041957139968872,0,0,0.0,0,20.240183457136144,13.000270575508166,-0.17370327269376323,0.9416497720717126,-41.03079572219521,-3.180229451267458
11.15282392501831,0,0,0.0,0,19.433218699334724,12.315359601097683,-0.16353011381011703,0.9416497720717126,-41.03079572219521,-3.180229451267458
11.261346578598022,0,0,0.0,0,18.634647520972507,11.637941927153241,-0.15436400597842298,0.9416497720717126,-41.03079572219521,-3.180229451267458
11.37169361114502,0,0,0.0,0,17.846757684742023,10.970093031971057,-0.14609890335297515,0.9416497720717126,-41.03079572219521,-3.180229451267458
11.479779720306396,0,0,0.0,0,17.071514536568788,10.313616478702276,-0.13863971509273998,0.9416497720717126,-41.03079572219521,-3.180229451267458
11.587533235549927,0,0,0.0,0,16.310590680983402,9.670063944167039,-0.1319011826391739,0.9416497720717126,-41.03079572219521,-3.180229451267458
11.700050830841064,0,0,0.0,0,15.565393744872694,9.040754980942076,-0.12580687196836543,0.9416497720717126,-41.03079572219521,-3.180229451267458
11.822324991226196,0,0,0.0,0,14.837092236885075,8.426796259960117,-0.12028826917366148,0.9416497720717126,-41.03079572219521,-3.180229451267458
11.931890964508057,0,0,0.0,0,14.126639538159464,7.829100108366365,-0.11528396885738412,0.9416497720717126,-41.03079572219521,-3.180229451267458
12.041409492492676,0,0,0.0,0,13.434796080996364,7.248402211778132,-0.11073894584084093,0.9416497720717126,-41.03079572219521,-3.180229451267458
12.150927305221558,0,0,0.0,0,12.762149787071152,6.685278393650309,-0.10660390164378772,0.9416497720717126,-41.03079572219521,-3.180229451267458
12.274449825286865,0,0,0.0,0,12.109134847017046,6.140160419058553,-0.10283467804218617,0.9416497720717126,-41.03079572219521,-3.180229451267458
12.402946472167969,0,0,0.0,0,11.476048929673784,5.6133507974626795,-0.09939173079158978,0.9416497720717126,-41.03079572219521,-3.180229451267458
12.526411771774292,0,0,0.0,0,10.863068912820141,5.105036580230803,-0.09623965730824555,0.9416497720717126,-41.03079572219521,-3.180229451267458
12.65055775642395,0,0,0.0,0,10.270265228445448,4.615302164995677,-0.09502198759371591,0.9075762494788494,-41.497609349388746,-3.213418717911643
12.77558159828186,0,0,0.0,0,9.697614915103573,4.144141131196985,-0.09502198759371591,0.9075762494788494,-41.497609349388746,-3.213418717911643
12.889089584350586,0,0,0.0,0,9.145013468065358,3.6914671401993955,-0.09502198759371591,0.9075762494788494,-41.497609349388746,-3.213418717911643
13.012840270996094,0,0,0.0,0,8.612285575190514,3.2571239397966827,-0.09502198759371591,0.9075762494788494,-41.497609349388746,-3.213418717911643
13.134814500808716,0,0,0.0,0,8.023357210277277,2.8427498610267534,-0.09502198759371591,0.9075762494788494,-41.497609349388746,-3.213418717911643
13.244334697723389,0,0,0.0,0,7.395776641954434,2.457177905051182,-0.09976833555252479,0.9075762494788494,-41.497609349388746,-3.213418717911643
13.367999076843262,0,0,0.0,0,6.820717764195889,2.10599072557451,-0.10798944317269343,0.9075762494788494,-41.497609349388746,-3.213418717911643
13.478511571884155,0,0,0.0,0,6.293652113413186,1.7862270437738497,-0.1148967341783485,0.9075762494788494,-41.497609349388746,-3.213418717911643
13.601938724517822,0,0,0.0,0,5.810365944593359,1.4950780828757952,-0.12062383801255164,0.9075762494788494,-41.497609349388746,-3.213418717911643
13.725448369979858,0,0,0.0,0,5.36694832680503,1.2298948925302295,-0.1252920561685104,0.9075762494788494,-41.497609349388746,-3.213418717911643
13.852737426757812,0,0,0.0,0,4.959778136211878,0.9881921718986391,-0.12617927816224972,0.9416497720717126,-41.03079572219521,-3.180229451267458
13.97768235206604,0,0,0.0,0,4.585510314309552,0.767649261612668,-0.1269094513352968,0.9075762494788494,-41.497609349388746,-3.213418717911643
14.086843729019165,0,0,0.0,0,4.241061692369215,0.5661088698104575,-0.1273535944227475,0.9075762494788494,-41.497609349388746,-3.213418717911643
14.210352420806885,0,0,0.0,0,3.9235966267202347,0.38157400773707895,-0.12754343991575345,0.9075762494788494,-41.497609349388746,-3.213418717911643
14.332380771636963,0,0,0.0,0,3.6994383857707227,0.21145222457402368,-0.12767534879367193,0.9075762494788494,-41.497609349388746,-3.213418717911643
14.457964658737183,0,0,0.0,0,3.481595235725382,0.046362875246645466,-0.12767534879367193,0.9075762494788494,-41.497609349388746,-3.213418717911643
14.581846237182617,0,0,0.0,0,3.2007137114767295,-0.11335290307129643,-0.12748550330066594,0.9075762494788494,-41.497609349388746,-3.213418717911643
14.704596281051636,0,0,0.0,0,2.941043176375633,-0.26034103517124796,-0.1272504582698148,0.9416497720717126,-41.03079572219521,-3.180229451267458
14.83273196220398,0,0,0.0,0,2.700533594317351,-0.26034103517124796,-0.1272504582698148,-0.9487351071404593,-76.09567212527301,74.99695567002338
14.959034442901611,0,0,0.0,0,2.4773088960719987,-0.26034103517124796,-0.1272504582698148,0.9075762494788494,-41.497609349388746,-3.213418717911643
15.079859972000122,0,0,0.0,0,2.2696558830688196,-0.26034103517124796,-0.12748550330066594,0.9416497720717126,-41.03079572219521,-3.180229451267458
15.189234018325806,0,0,0.0,0,2.141920344408494,-0.26034103517124796,-0.12767534879367193,0.9075762494788494,-41.497609349388746,-3.213418717911643
15.313751935958862,0,0,0.0,0,-0.2086669443360567,7.197480763219288,-0.28892361045008275,0.9075762494788494,-41.497609349388746,-3.213418717911643
15.436232566833496,0,0,0.0,0,-2.0047468886676088,13.873065657893598,-0.42548464666111874,0.9075762494788494,-41.497609349388746,-3.213418717911643
15.54709267616272,0,0,0.0,0,-2.0047468886676088,13.873065657893598,-0.42548464666111874,0.9075762494788494,-41.497609349388746,-3.213418717911643
15.652899265289307,0,0,0.0,0,-2.0047468886676088,13.873065657893598,-0.42548464666111874,0.9416497720717126,-41.03079572219521,-3.180229451267458
15.766366720199585,0,0,0.0,0,-2.0047468886676088,13.873065657893598,-0.42548464666111874,0.9075762494788494,-41.497609349388746,-3.213418717911643
15.874898433685303,0,0,0.0,0,-2.0047468886676088,13.873065657893598,-0.42548464666111874,0.9075762494788494,-41.497609349388746,-3.213418717911643
15.986416339874268,0,0,0.0,0,-1.0206922019644262,12.22632396420561,-0.37830202277949343,0.9416497720717126,-41.03079572219521,-3.180229451267458
16.112128257751465,0,0,0.0,0,-0.11305338113724675,10.694769328922487,-0.32993187638415855,0.9075762494788494,-41.497609349388746,-3.213418717911643
16.22146511077881,0,0,0.0,0,0.6570985570538632,9.257448297709757,-0.2859318111358474,0.9416497720717126,-41.03079572219521,-3.180229451267458
16.333492040634155,0,0,0.0,0,1.2436691924469705,7.903342021527145,-0.2512123086662311,0.9075762494788494,-41.497609349388746,-3.213418717911643
16.456730365753174,0,0,0.0,0,1.78886888681355,6.637402718795961,-0.2143930800338799,0.9416497720717126,-41.03079572219521,-3.180229451267458
16.58043670654297,0,0,0.0,0,2.2282842159151297,5.444118172460005,-0.1810112911642803,0.9075762494788494,-41.497609349388746,-3.213418717911643
16.68990683555603,0,0,0.0,0,2.5726820044764773,4.317139081695167,-0.15084177125222914,0.9075762494788494,-41.497609349388746,-3.213418717911643
16.80068874359131,0,0,0.0,0,2.830520036965644,3.2532152310734572,-0.12356665040681974,0.9416497720717126,-41.03079572219521,-3.180229451267458
16.909745693206787,0,0,0.0,0,2.9561103816581493,2.2474415827089667,-0.09900070505697335,0.9075762494788494,-41.497609349388746,-3.213418717911643
17.01711630821228,0,0,0.0,0,2.988274593708799,1.2973854673455345,-0.0768678089147122,0.9416497720717126,-41.03079572219521,-3.180229451267458
17.132851123809814,0,0,0.0,0,2.988274593708799,0.4011489527412429,-0.06204232209892811,0.9416497720717126,-41.03079572219521,-3.180229451267458
17.25827932357788,0,0,0.0,0,2.988274593708799,-0.4398722756818492,-0.04367538955537925,0.9416497720717126,-41.03079572219521,-3.180229451267458
17.381305694580078,0,0,0.0,0,2.988274593708799,-1.2341860941731038,-0.0272257896951554,0.9416497720717126,-41.03079572219521,-3.180229451267458
17.506829023361206,0,0,0.0,0,2.988274593708799,-1.984470838979406,-0.01257909054823918,0.9416497720717126,-41.03079572219521,-3.180229451267458
17.618311882019043,0,0,0.0,0,2.92619920673274,-2.6950522765533904,0.005399975975360065,0.9416497720717126,-41.03079572219521,-3.180229451267458
17.74434804916382,0,0,0.0,0,2.818599459887191,-3.372436583297348,0.02130211045384236,0.9416497720717126,-41.03079572219521,-3.180229451267458
17.85572052001953,0,0,0.0,0,2.671617906861372,-4.01713657586866,0.03530727709804083,0.9416497720717126,-41.03079572219521,-3.180229451267458
17.96623206138611,0,0,0.0,0,2.4909125729742687,-4.629601016685815,0.047581254445489565,0.9416497720717126,-41.03079572219521,-3.180229451267458
18.075464725494385,0,0,0.0,0,2.2816819247481757,-5.210237547463263,0.058276728081986265,0.9416497720717126,-41.03079572219521,-3.180229451267458
18.183699369430542,0,0,0.0,0,2.0486896264668406,-5.759431406725604,0.0675342982347743,0.9416497720717126,-41.03079572219521,-3.180229451267458
18.290674209594727,0,0,0.0,0,1.7962889196288168,-6.27756052085719,0.07548340906175371,0.9416497720717126,-41.03079572219521,-3.180229451267458
18.399798154830933,0,0,0.0,0,1.528446492059698,-6.765007485402254,0.08224320589339193,0.9416497720717126,-41.03079572219521,-3.180229451267458
18.513099193572998,0,0,0.0,0,1.248765730033643,-7.222168889000011,0.08792332616545029,0.9075762494788494,-41.497609349388746,-3.213418717911643
18.622061014175415,0,0,0.0,0,0.9605092696093979,-7.649462375544907,0.08840839827250971,0.9075762494788494,-41.497609349388746,-3.213418717911643
18.734255075454712,0,0,0.0,0,0.6666207829786275,-8.047331790041657,0.08981205565886777,0.9416497720717126,-41.03079572219521,-3.180229451267458
18.857600927352905,0,0,0.0,0,0.36974595236760477,-8.416250709413681,0.08981205565886777,0.9075762494788494,-41.497609349388746,-3.213418717911643
18.98109722137451,0,0,0.0,0,0.010666757726348869,-8.752020656894702,0.08981205565886777,0.9416497720717126,-41.03079572219521,-3.180229451267458
19.104290008544922,0,0,0.0,0,-0.3960832148266349,-9.048275609912654,0.08981205565886777,0.9416497720717126,-41.03079572219521,-3.180229451267458
19.214321613311768,0,0,0.0,0,-0.7150619890182246,-9.308704282611126,0.08781394949225085,0.9075762494788494,-41.497609349388746,-3.213418717911643
19.32241940498352,0,0,0.0,0,-1.0200391502141426,-9.53809794373773,0.0864102921058928,0.9075762494788494,-41.497609349388746,-3.213418717911643
19.433936595916748,0,0,0.0,0,-1.3111585521973244,-9.737781343740963,0.08542313171171599,0.9075762494788494,-41.497609349388746,-3.213418717911643
19.548473119735718,0,0,0.0,0,-1.5273805541272507,-9.913559354956096,0.08323867587518675,0.9075762494788494,-41.497609349388746,-3.213418717911643
19.65743660926819,0,0,0.0,0,-1.8010704882375934,-10.064949496042384,0.08031677051807581,0.9075762494788494,-41.497609349388746,-3.213418717911643
19.766819715499878,0,0,0.0,0,-2.1187966723716425,-10.185621888968674,0.07506105949168392,0.9416497720717126,-41.03079572219521,-3.180229451267458
19.87528657913208,0,0,0.0,0,-2.408465082086606,-10.274494847056872,0.06805824282305886,0.9416497720717126,-41.03079572219521,-3.180229451267458
19.983169317245483,0,0,0.0,0,-2.671426827080041,-10.327488505956582,0.0620502128702192,0.9075762494788494,-41.497609349388746,-3.213418717911643
20.090680599212646,0,0,0.0,0,-2.9090218877345473,-10.327488505956582,0.058921070953166226,0.9075762494788494,-41.497609349388746,-3.213418717911643
20.206189155578613,0,0,0.0,0,-3.064221709977134,-10.327488505956582,0.05738319407188666,0.9075762494788494,-41.497609349388746,-3.213418717911643
20.332042932510376,0,0,0.0,0,-3.1501477625534937,-10.327488505956582,0.054600211820508976,0.9075762494788494,-41.497609349388746,-3.213418717911643
20.45557737350464,0,0,0.0,0,-3.2952462952284516,-10.327488505956582,0.052742698041475515,0.9075762494788494,-41.497609349388746,-3.213418717911643
20.58031964302063,0,0,0.0,0,-3.486695993847948,-10.320345481556018,0.04971694536182128,0.9416497720717126,-41.03079572219521,-3.180229451267458
20.704435348510742,0,0,0.0,0,-3.654771115155999,-10.263372021706383,0.044018108900803155,0.9075762494788494,-41.497609349388746,-3.213418717911643
20.812491178512573,0,0,0.0,0,-3.8009013423542104,-10.186816290539381,0.03864971877349323,0.9075762494788494,-41.497609349388746,-3.213418717911643
20.92333221435547,0,0,0.0,0,-3.9182367800143574,-10.092380870568293,0.035981522591366416,0.9075762494788494,-41.497609349388746,-3.213418717911643
21.046630144119263,0,0,0.0,0,-3.976052833553084,-9.984921711288122,0.03360820680056653,0.9416497720717126,-41.03079572219521,-3.180229451267458
21.156726360321045,0,0,0.0,0,-4.027422353482882,-9.869303081775524,0.031107259244698024,0.9075762494788494,-41.497609349388746,-3.213418717911643
21.267074584960938,0,0,0.0,0,-4.1127628260567,-9.742966075986466,0.028967167292205477,0.9075762494788494,-41.497609349388746,-3.213418717911643
21.393333911895752,0,0,0.0,0,-4.158438382275556,-9.603227987656119,0.02666860213517725,0.9075762494788494,-41.497609349388746,-3.213418717911643
21.502848386764526,0,0,0.0,0,-4.181244633943356,-9.45451651388014,0.024411486007364345,0.9416497720717126,-41.03079572219521,-3.180229451267458
21.614320516586304,0,0,0.0,0,-4.181244633943356,-9.301615739581035,0.023556893083759245,0.9416497720717126,-41.03079572219521,-3.180229451267458
21.720828771591187,0,0,0.0,0,-4.181244633943356,-9.141963540533807,0.023556893083759245,0.9416497720717126,-41.03079572219521,-3.180229451267458
21.833884239196777,0,0,0.0,0,-4.181244633943356,-8.972538112098096,0.023556893083759245,0.9416497720717126,-41.03079572219521,-3.180229451267458
21.94342017173767,0,0,0.0,0,-4.181244633943356,-8.7974003647826,0.023556893083759245,0.9416497720717126,-41.03079572219521,-3.180229451267458
22.05191135406494,0,0,0.0,0,-4.139089210216455,-8.624202138607236,0.025814009211572148,0.9416497720717126,-41.03079572219521,-3.180229451267458
22.174627542495728,0,0,0.0,0,-4.078635384415376,-8.456861596123915,0.026596160428579128,0.9416497720717126,-41.03079572219521,-3.180229451267458
22.299147605895996,0,0,0.0,0,-4.007338894558208,-8.294814984946601,0.03034558406687013,0.9416497720717126,-41.03079572219521,-3.180229451267458
22.40733027458191,0,0,0.0,0,-3.94348425080574,-8.137518012419646,0.033556494598044564,0.9416497720717126,-41.03079572219521,-3.180229451267458
22.517462491989136,0,0,0.0,0,-3.8860928466132885,-7.984449910381529,0.03627572092058626,0.9416497720717126,-41.03079572219521,-3.180229451267458
22.641974449157715,0,0,0.0,0,-3.834258183644277,-7.835116573516044,0.03658402138976671,0.9075762494788494,-41.497609349388746,-3.213418717911643
22.76449203491211,0,0,0.0,0,-3.7871436129914597,-7.689052895597879,0.037273393668159197,0.9416497720717126,-41.03079572219521,-3.180229451267458
22.877808570861816,0,0,0.0,0,-3.761652571190927,-7.545824414131678,0.037809076749406936,0.9416497720717126,-41.03079572219521,-3.180229451267458
22.98509907722473,0,0,0.0,0,-3.7409663656805017,-7.405028361483874,0.03849658856811248,0.9416497720717126,-41.03079572219521,-3.180229451267458
23.108263731002808,0,0,0.0,0,-3.71297332514058,-7.262986884453781,0.039163736235223234,0.9416497720717126,-41.03079572219521,-3.180229451267458
23.217774868011475,0,0,0.0,0,-3.693742026172763,-7.116200759948936,0.039163736235223234,0.9075762494788494,-41.497609349388746,-3.213418717911643
23.34228515625,0,0,0.0,0,-3.671229721739775,-6.968449830862398,0.03849658856811248,0.9075762494788494,-41.497609349388746,-3.213418717911643
23.452800273895264,0,0,0.0,0,-3.6694009150415807,-6.82336343040417,0.03756442678341973,0.9075762494788494,-41.497609349388746,-3.213418717911643
23.566384077072144,0,0,0.0,0,-3.6694009150415807,-6.680624381407592,0.03633937142377951,0.9075762494788494,-41.497609349388746,-3.213418717911643
23.685413122177124,0,0,0.0,0,-3.6679778397778113,-6.536743938858688,0.033427843749667153,0.9075762494788494,-41.497609349388746,-3.213418717911643
23.795928716659546,0,0,0.0,0,-3.6537988394293333,-6.385192261690246,0.027457425284922288,0.9416497720717126,-41.03079572219521,-3.180229451267458
23.904436826705933,0,0,0.0,0,-3.632611049474682,-6.223428184166103,0.02030087402906284,0.9075762494788494,-41.497609349388746,-3.213418717911643
24.01295042037964,0,0,0.0,0,-3.607639226873159,-6.052731538314715,0.013799853704934691,0.9075762494788494,-41.497609349388746,-3.213418717911643
24.121463298797607,0,0,0.0,0,-3.583781318254792,-5.874332336225262,0.009620519628206823,0.9075762494788494,-41.497609349388746,-3.213418717911643
24.231805324554443,0,0,0.0,0,-3.5818844732888477,-5.6919643680071195,0.006820519065210796,0.9416497720717126,-41.03079572219521,-3.180229451267458
24.34113359451294,0,0,0.0,0,-3.5413102754065786,-5.5104188545348975,0.004086027671262342,0.9075762494788494,-41.497609349388746,-3.213418717911643
24.45020294189453,0,0,0.0,0,-3.5202032375304064,-5.327459750607245,0.0006122010880572249,0.8210984584153938,-41.56565297560779,-3.2745095800025035
24.571717977523804,0,0,0.0,0,-3.4863947723701125,-5.13971193814599,-0.001854381118567987,0.9075762494788494,-41.497609349388746,-3.213418717911643
24.697473764419556,0,0,0.0,0,-3.3885142351687723,-4.950525870403705,-0.004084630760686577,0.9075762494788494,-41.497609349388746,-3.213418717911643
24.807096481323242,0,0,0.0,0,-3.2912554755216736,-4.764718304608602,-0.006303028803957115,0.9075762494788494,-41.497609349388746,-3.213418717911643
24.91533374786377,0,0,0.0,0,-3.2410429363506617,-4.572975027215209,-0.018989854176718578,0.9075762494788494,-41.497609349388746,-3.213418717911643
25.02606511116028,0,0,0.0,0,-3.1687656601323235,-4.363317168518739,-0.0323110592768852,0.9075762494788494,-41.497609349388746,-3.213418717911643
25.135740756988525,0,0,0.0,0,-3.083497084292036,-4.145565909736414,-0.033473733240704864,0.9075762494788494,-41.497609349388746,-3.213418717911643
25.24626851081848,0,0,0.0,0,-2.993551711709073,-3.9305253894791736,-0.03442555188789754,0.9075762494788494,-41.497609349388746,-3.213418717911643
25.356931924819946,0,0,0.0,0,-2.899810953574149,-3.718774297236689,-0.03518447479650691,0.9075762494788494,-41.497609349388746,-3.213418717911643
25.48289155960083,0,0,0.0,0,-2.803083580905251,-3.5108303141755193,-0.03576721082822004,0.9075762494788494,-41.497609349388746,-3.213418717911643
25.608952522277832,0,0,0.0,0,-2.704109704454342,-3.307153384961868,-0.0361892985408066,0.9075762494788494,-41.497609349388746,-3.213418717911643
25.718955278396606,0,0,0.0,0,-2.603564637349881,-3.108148944795038,-0.03630393831020644,0.9075762494788494,-41.497609349388746,-3.213418717911643
25.82928466796875,0,0,0.0,0,-2.5020626348721606,-2.9141710881963174,-0.03630393831020644,0.9075762494788494,-41.497609349388746,-3.213418717911643
25.943109273910522,0,0,0.0,0,-2.400160507154771,-2.7255256682755,-0.03630393831020644,0.9075762494788494,-41.497609349388746,-3.213418717911643
26.049829483032227,0,0,0.0,0,-2.2983611018333443,-2.5424733171337133,-0.03630393831020644,0.9075762494788494,-41.497609349388746,-3.213418717911643
26.16046118736267,0,0,0.0,0,-2.197116654738979,-2.365232379780164,-0.03630393831020644,0.9075762494788494,-41.497609349388746,-3.213418717911643
26.269442319869995,0,0,0.0,0,-2.096832007673907,-2.193981755463187,-0.03608894650902379,0.9075762494788494,-41.497609349388746,-3.213418717911643
26.379514455795288,0,0,0.0,0,-1.997867693124987,-2.0288636416619035,-0.03573796699081271,0.9416497720717126,-41.03079572219521,-3.180229451267458
26.503560543060303,0,0,0.0,0,-1.9005428864790912,-1.8699861771714184,-0.035316639752812407,0.9075762494788494,-41.497609349388746,-3.213418717911643
26.616584300994873,0,0,0.0,0,-1.805138226914899,-1.7174259817577413,-0.034832853125291885,0.9075762494788494,-41.497609349388746,-3.213418717911643
26.736634731292725,0,0,0.0,0,-1.7118985086682694,-1.5712305907728719,-0.03429389819060312,0.9075762494788494,-41.497609349388746,-3.213418717911643
26.847421646118164,0,0,0.0,0,-1.569874726384573,-1.4332511020749175,-0.02976876387688354,0.9416497720717126,-41.03079572219521,-3.180229451267458
26.95673441886902,0,0,0.0,0,-1.4408932605424194,-1.307746996231922,-0.02550365907745996,0.9075762494788494,-41.497609349388746,-3.213418717911643
27.069786548614502,0,0,0.0,0,-1.3752717687954776,-1.1921470171388169,-0.025413363070988217,0.9075762494788494,-41.497609349388746,-3.213418717911643
27.18245768547058,0,0,0.0,0,-1.3105483902520265,-1.0814579257967702,-0.025227239755658937,0.9416497720717126,-41.03079572219521,-3.180229451267458
27.28797721862793,0,0,0.0,0,-1.1957019671816749,-0.9776609078395637,-0.0218673482251519,0.9416497720717126,-41.03079572219521,-3.180229451267458
27.394578218460083,0,0,0.0,0,-1.0925963462568293,-0.8848364775284192,-0.018307155227919085,0.9416497720717126,-41.03079572219521,-3.180229451267458
27.503093719482422,0,0,0.0,0,-1.0516328337122567,-0.800263100491012,-0.017603574223315425,0.9075762494788494,-41.497609349388746,-3.213418717911643
27.61453938484192,0,0,0.0,0,-0.9590357087815837,-0.7212295571236635,-0.014052328102756646,0.9075762494788494,-41.497609349388746,-3.213418717911643
27.724148273468018,0,0,0.0,0,-0.8253056108620606,-0.6539524661874235,-0.0074030362854473186,0.9416497720717126,-41.03079572219521,-3.180229451267458
27.835901737213135,0,0,0.0,0,-0.7246369836638074,-0.6018071564689074,-0.0033126452250833924,0.9416497720717126,-41.03079572219521,-3.180229451267458
27.94443368911743,0,0,0.0,0,-0.6802641886329474,-0.5608889077631252,-0.0015138695031196548,0.9416497720717126,-41.03079572219521,-3.180229451267458
28.05288791656494,0,0,0.0,0,-0.6668782314793282,-0.5236768915347567,0.0010040066346096602,0.9416497720717126,-41.03079572219521,-3.180229451267458
28.17940878868103,0,0,0.0,0,-0.6239095868923406,-0.48829804365425533,0.0028617836179977256,0.9416497720717126,-41.03079572219521,-3.180229451267458
28.301056385040283,0,0,0.0,0,-0.5486952668951282,-0.46650362088242564,0.0061178244289155324,0.9416497720717126,-41.03079572219521,-3.180229451267458
28.407083749771118,0,0,0.0,0,-0.47573484601213206,-0.46650362088242564,0.011266920263950854,0.9416497720717126,-41.03079572219521,-3.180229451267458
28.51661705970764,0,0,0.0,0,-0.4169340680028858,-0.46650362088242564,0.015838646884588557,0.9416497720717126,-41.03079572219521,-3.180229451267458
28.62539005279541,0,0,0.0,0,-0.3708956454979051,-0.46650362088242564,0.019877358679229195,0.9416497720717126,-41.03079572219521,-3.180229451267458
28.734363079071045,0,0,0.0,0,-0.3708956454979051,-0.46650362088242564,0.023424500039071153,0.9075762494788494,-41.497609349388746,-3.213418717911643
28.841872453689575,0,0,0.0,0,-0.36679332915623697,-0.4718300001121826,0.025601464645576315,0.9416497720717126,-41.03079572219521,-3.180229451267458
28.949628591537476,0,0,0.0,0,-0.36416732120355555,-0.49549580361866125,0.027040064059165425,0.9416497720717126,-41.03079572219521,-3.180229451267458
29.06148338317871,0,0,0.0,0,-0.36416732120355555,-0.5240133808059703,0.027040064059165425,0.9075762494788494,-41.497609349388746,-3.213418717911643
29.16675639152527,0,0,0.0,0,-0.36416732120355555,-0.5535218552864083,0.027040064059165425,0.9075762494788494,-41.497609349388746,-3.213418717911643
29.27727174758911,0,0,0.0,0,-0.3800631401017454,-0.5800405751703259,0.027040064059165425,0.9075762494788494,-41.497609349388746,-3.213418717911643
29.38183045387268,0,0,0.0,0,-0.3886314447066461,-0.6065414278824539,0.027040064059165425,0.9416497720717126,-41.03079572219521,-3.180229451267458
29.495349168777466,0,0,0.0,0,-0.4382963798550501,-0.6332587528737732,0.025029605922938014,0.9075762494788494,-41.497609349388746,-3.213418717911643
29.606860160827637,0,0,0.0,0,-0.5264728517760138,-0.6534563945825698,0.02096924573432149,0.9075762494788494,-41.497609349388746,-3.213418717911643
29.71764039993286,0,0,0.0,0,-0.5871096406698053,-0.6569947420129574,0.016950915750104642,0.9075762494788494,-41.497609349388746,-3.213418717911643
29.828452825546265,0,0,0.0,0,-0.624316821983101,-0.6569947420129574,0.014254255749222773,0.9075762494788494,-41.497609349388746,-3.213418717911643
29.9394633769989,0,0,0.0,0,-0.6590324883810705,-0.6569947420129574,0.011608546611813897,0.9075762494788494,-41.497609349388746,-3.213418717911643
30.047563314437866,0,0,0.0,0,-0.7008631866721584,-0.6569947420129574,0.008212102235954102,0.9075762494788494,-41.497609349388746,-3.213418717911643
30.15878391265869,0,0,0.0,0,-0.7511141498339038,-0.6569947420129574,0.0036512271127673505,0.9075762494788494,-41.497609349388746,-3.213418717911643
30.26970386505127,0,0,0.0,0,-0.7600105791872712,-0.6428879489498098,-0.00046288550193086526,0.9416497720717126,-41.03079572219521,-3.180229451267458
30.38257598876953,0,0,0.0,0,-0.7600105791872712,-0.6198681491258522,-0.0017174321098794153,0.9416497720717126,-41.03079572219521,-3.180229451267458
30.507195472717285,0,0,0.0,0,-0.7600105791872712,-0.5912986151731153,-0.003504945590345359,0.9075762494788494,-41.497609349388746,-3.213418717911643
30.617707014083862,0,0,0.0,0,-0.7600105791872712,-0.5578747883342201,-0.005254983543117986,0.9075762494788494,-41.497609349388746,-3.213418717911643
30.73515009880066,0,0,0.0,0,-0.7600105791872712,-0.5224326902679055,-0.006025767044983872,0.9075762494788494,-41.497609349388746,-3.213418717911643
30.84666419029236,0,0,0.0,0,-0.7288204974182165,-0.4917014910141322,-0.006968729022768702,0.9075762494788494,-41.497609349388746,-3.213418717911643
30.953677654266357,0,0,0.0,0,-0.7099451809645625,-0.46712324681067763,-0.008420603451171946,0.9075762494788494,-41.497609349388746,-3.213418717911643
31.068285703659058,0,0,0.0,0,-0.7076709090556268,-0.4417859972770003,-0.009847805973414054,0.9075762494788494,-41.497609349388746,-3.213418717911643
31.177809715270996,0,0,0.0,0,-0.7032101828952685,-0.4118839044336169,-0.01124176517297943,0.9075762494788494,-41.497609349388746,-3.213418717911643
31.285168409347534,0,0,0.0,0,-0.6981241031649081,-0.3780331631537667,-0.011540702807375496,0.9416497720717126,-41.03079572219521,-3.180229451267458
31.40058207511902,0,0,0.0,0,-0.6896949970789765,-0.34082042862988277,-0.012807565068731763,0.9075762494788494,-41.497609349388746,-3.213418717911643
31.524195432662964,0,0,0.0,0,-0.6896949970789765,-0.30080169299206355,-0.012807565068731763,0.9416497720717126,-41.03079572219521,-3.180229451267458
31.633703470230103,0,0,0.0,0,-0.688567994958156,-0.258501541155654,-0.012807565068731763,0.9075762494788494,-41.497609349388746,-3.213418717911643
31.745216369628906,0,0,0.0,0,-0.6207132260042434,-0.21645585433889447,-0.013076891303053234,0.9075762494788494,-41.497609349388746,-3.213418717911643
31.846033811569214,0,0,0.0,0,-0.5591155979406084,-0.1790703362430689,-0.013871109287594571,0.9075762494788494,-41.497609349388746,-3.213418717911643
31.962549686431885,0,0,0.0,0,-0.5087727844996581,-0.14615841568404067,-0.014730267679862253,0.9075762494788494,-41.497609349388746,-3.213418717911643
32.07469296455383,0,0,0.0,0,-0.4584431093833913,-0.11736513885520816,-0.014730267679862253,0.9075762494788494,-41.497609349388746,-3.213418717911643
32.18014740943909,0,0,0.0,0,-0.45714622531557364,-0.09029570430835412,-0.014730267679862253,0.9075762494788494,-41.497609349388746,-3.213418717911643
32.29246544837952,0,0,0.0,0,-0.4535566190842988,-0.06082327403973671,-0.014730267679862253,0.9075762494788494,-41.497609349388746,-3.213418717911643
32.4009165763855,0,0,0.0,0,-0.4493768907648613,-0.029383513584836714,-0.015751660848339583,0.9075762494788494,-41.497609349388746,-3.213418717911643
32.51144981384277,0,0,0.0,0,-0.44379766118347486,0.003612038652660611,-0.015751660848339583,0.9416497720717126,-41.03079572219521,-3.180229451267458
32.636842012405396,0,0,0.0,0,-0.4315045089479661,0.03777655874027761,-0.015751660848339583,0.9416497720717126,-41.03079572219521,-3.180229451267458
32.75641894340515,0,0,0.0,0,-0.41538835795569995,0.07274825433980663,-0.015751660848339583,0.9075762494788494,-41.497609349388746,-3.213418717911643
32.865933656692505,0,0,0.0,0,-0.3965269456005962,0.1081904467386339,-0.015751660848339583,0.9416497720717126,-41.03079572219521,-3.180229451267458
32.989057540893555,0,0,0.0,0,-0.3248972982503783,0.14178147172003366,-0.01524799999343312,0.9416497720717126,-41.03079572219521,-3.180229451267458
33.11557650566101,0,0,0.0,0,-0.21788889271055123,0.1671223805684538,-0.011612864762455207,0.9075762494788494,-41.497609349388746,-3.213418717911643
33.24252891540527,0,0,0.0,0,-0.1655424357422941,0.1828225985344874,-0.00827151400973574,0.9075762494788494,-41.497609349388746,-3.213418717911643
33.3495454788208,0,0,0.0,0,-0.13133281621426382,0.19020978171257127,-0.0064843656770910245,0.9076492835377842,-41.499371073548616,-3.0436411008162456
33.46006202697754,0,0,0.0,0,-0.09204695651816794,0.1921704446547123,-0.0064843656770910245,0.7782558996320172,-41.18541388772125,-2.4898240735715573
33.571260929107666,0,0,0.0,0,-0.09204695651816794,0.1955085467329747,-0.0064843656770910245,0.9463300530978012,-42.42563664888938,-1.8194365149837375
33.67977690696716,0,0,0.0,0,-0.09204695651816794,0.1984649391923562,-0.0064843656770910245,0.9888917796608628,-43.58917303584366,-1.2410851233144837
33.80402088165283,0,0,0.0,0,-0.09204695651816794,0.21632357715113798,-0.007146960450437707,0.8634600685525017,-43.014477581263975,-0.4422214489084803
33.91504502296448,0,0,0.0,0,-0.09204695651816794,0.34087518706046693,-0.004523923739815279,0.9885847135120097,-43.40308406651233,-0.1632525216942122
34.03606867790222,0,0,0.0,0,-0.16740833191545318,0.6213980825859624,-0.004523923739815279,1.0298263041351212,-44.36652176973142,0.798758775797594
34.1626353263855,0,0,0.0,0,-0.4801993373886144,1.004797308542149,-0.004523923739815279,0.9251738093292832,-44.059448854079356,1.5148410462208715
34.28569054603577,0,0,0.0,0,-0.8750312708382235,1.505104702942778,-0.004523923739815279,1.1509587777168067,-44.36149084320249,2.4745403139617914
34.39655923843384,0,0,0.0,0,-1.2067766755755627,2.073659487270897,-0.003759927572935957,1.241557430019398,-44.38349486486179,3.7570711384505047
34.52029800415039,0,0,0.0,0,-1.6866392736900067,2.6895677390397177,0.0111983959408135,1.0591967828765805,-43.452296171703736,4.402383801195143
34.63081693649292,0,0,0.0,0,-2.206866948453305,3.4103635069043623,0.024627550825218093,1.3996225414574102,-42.84155675233025,4.972005301795676
34.74132466316223,0,0,0.0,0,-2.6871095167781847,4.193131304562501,0.0510821832212877,1.3996225414574102,-42.84155675233025,4.972005301795676
34.86742544174194,0,0,0.0,0,-3.184607972278891,5.023439766246902,0.1114823809684857,1.3996225414574102,-42.84155675233025,4.972005301795676
34.99544882774353,0,0,0.0,0,-3.5677358175685976,5.889733026159826,0.15479560287028943,1.3996225414574102,-42.84155675233025,4.972005301795676
35.119468212127686,0,0,0.0,0,-3.7258891316327767,6.577169809281973,0.21198096516705323,1.3996225414574102,-42.84155675233025,4.972005301795676
35.22988939285278,0,0,0.0,0,-3.774160617949863,6.577169809281973,0.30315543272065343,1.3996225414574102,-42.84155675233025,4.972005301795676
35.35356640815735,0,0,0.0,0,-3.841610978590886,6.577169809281973,0.38395569101768545,1.3996225414574102,-42.84155675233025,4.972005301795676
35.465837478637695,0,0,0.0,0,-3.925364875741251,6.577169809281973,0.455169616570126,1.3996225414574102,-42.84155675233025,4.972005301795676
35.58777356147766,0,0,0.0,0,-4.022674309203892,6.577169809281973,0.5175347509020235,1.3996225414574102,-42.84155675233025,4.972005301795676
35.69967603683472,0,0,0.0,0,-4.130928431745102,6.5462259236829645,0.5717412192870461,1.3996225414574102,-42.84155675233025,4.972005301795676
35.82310485839844,0,0,0.0,0,-4.247660863968387,5.902305614741119,0.6184344898590654,1.3996225414574102,-42.84155675233025,4.972005301795676
35.93466281890869,0,0,0.0,0,-4.370554808599399,5.113393658297289,0.6582179815432765,1.3996225414574102,-42.84155675233025,4.972005301795676
36.04522919654846,0,0,0.0,0,-4.497446236284157,4.202930038980907,0.6916555288135106,1.3996225414574102,-42.84155675233025,4.972005301795676
36.15474772453308,0,0,0.0,0,-4.626325389457728,3.192680448866795,0.7192737108628479,1.3996225414574102,-42.84155675233025,4.972005301795676
36.266769886016846,0,0,0.0,0,-4.755336827366111,2.102784238081643,0.7415640523781244,1.3996225414574102,-42.84155675233025,4.972005301795676
36.37895584106445,0,0,0.0,0,-4.8827782137667715,0.951806905437097,0.7589851027332537,1.3996225414574102,-42.84155675233025,4.972005301795676
36.48780369758606,0,0,0.0,0,-5.007098029050391,-0.2432037746683357,0.7719644000603376,1.3996225414574102,-42.84155675233025,4.972005301795676
36.595080852508545,0,0,0.0,0,-5.126892370385191,-1.4666587956769301,0.780900326320257,1.4466395884810703,-41.967422058882704,4.910430278081879
36.72021842002869,0,0,0.0,0,-5.24090098686243,-2.704366850441666,0.780900326320257,1.150234365081503,-42.1305146437616,4.867062718440872
36.82973670959473,0,0,0.0,0,-5.300314743370569,-3.9434717876984706,0.780900326320257,1.150234365081503,-42.1305146437616,4.867062718440872
36.94166302680969,0,0,0.0,0,-5.352007248773637,-5.172389156286036,0.780900326320257,1.150234365081503,-42.1305146437616,4.867062718440872
37.05119037628174,0,0,0.0,0,-5.447210197261098,-6.404174495668383,0.780900326320257,1.3996225414574102,-42.84155675233025,4.972005301795676
37.16198182106018,0,0,0.0,0,-5.523802517427715,-7.519168394175005,0.7541945218584585,1.3996225414574102,-42.84155675233025,4.972005301795676
37.27048373222351,0,0,0.0,0,-5.655733172201954,-8.437341104062547,0.6921760846518178,1.3996225414574102,-42.84155675233025,4.972005301795676
37.38360524177551,0,0,0.0,0,-5.840516674326079,-9.219669922823027,0.6329860755692877,1.3996225414574102,-42.84155675233025,4.972005301795676
37.506126165390015,0,0,0.0,0,-5.952150953322785,-9.95506755187553,0.6050737531758295,1.3996225414574102,-42.84155675233025,4.972005301795676
37.62063646316528,0,0,0.0,0,-6.004503707534736,-10.69785775182368,0.6044083698039306,1.3996225414574102,-42.84155675233025,4.972005301795676
37.73014950752258,0,0,0.0,0,-6.039469547445437,-11.413405671919165,0.6025537092084009,1.3996225414574102,-42.84155675233025,4.972005301795676
37.856247901916504,0,0,0.0,0,-6.039469547445437,-12.096343187286028,0.6008135907713108,1.3996225414574102,-42.84155675233025,4.972005301795676
37.98524475097656,0,0,0.0,0,-6.039469547445437,-12.741972270967622,0.5980894538486854,1.3996225414574102,-42.84155675233025,4.972005301795676
38.10775589942932,0,0,0.0,0,-6.039469547445437,-13.346231471655045,0.5918239258787285,1.3996225414574102,-42.84155675233025,4.972005301795676
38.234267711639404,0,0,0.0,0,-6.039469547445437,-13.905661813586988,0.5839356876802473,1.3996225414574102,-42.84155675233025,4.972005301795676
38.345282554626465,0,0,0.0,0,-6.035202831188985,-14.417372422038412,0.574609556367154,1.3996225414574102,-42.84155675233025,4.972005301795676
38.46949028968811,0,0,0.0,0,-5.996115723539534,-14.87900613949137,0.5640164844707222,1.3996225414574102,-42.84155675233025,4.972005301795676
38.59653449058533,0,0,0.0,0,-5.945394325141094,-15.28870536281411,0.5523144349500221,1.3996225414574102,-42.84155675233025,4.972005301795676
38.715049743652344,0,0,0.0,0,-5.883455894420703,-15.645078300281288,0.5396492060643543,1.3996225414574102,-42.84155675233025,4.972005301795676
38.83555793762207,0,0,0.0,0,-5.81073448519142,-15.94716581878632,0.5261552088152135,1.3996225414574102,-42.84155675233025,4.972005301795676
38.963584899902344,0,0,0.0,0,-5.727679283705925,-16.194409025883107,0.5119561995241293,1.3996225414574102,-42.84155675233025,4.972005301795676
39.07245111465454,0,0,0.0,0,-5.63475285815486,-16.38661770812338,0.49716596997879703,1.3996225414574102,-42.84155675233025,4.972005301795676
39.184468507766724,0,0,0.0,0,-5.532429351064032,-16.478141743537428,0.4818889974528583,1.3996225414574102,-42.84155675233025,4.972005301795676
39.293801069259644,0,0,0.0,0,-5.421192641120671,-16.478141743537428,0.4662210567841666,1.3996225414574102,-42.84155675233025,4.972005301795676
39.40431237220764,0,0,0.0,0,-5.30153449740999,-16.478141743537428,0.45024979658202857,1.3996225414574102,-42.84155675233025,4.972005301795676
39.51482892036438,0,0,0.0,0,-5.1739527458384575,-16.478141743537428,0.43405528152544637,1.3996225414574102,-42.84155675233025,4.972005301795676
39.62635087966919,0,0,0.0,0,-5.038949464631579,-16.478141743537428,0.4177105026114842,1.3996225414574102,-42.84155675233025,4.972005301795676
39.73755431175232,0,0,0.0,0,-4.897029223195131,-16.41245931330991,0.4012818571152663,1.3996225414574102,-42.84155675233025,4.972005301795676
39.84806513786316,0,0,0.0,0,-4.748697376295672,-16.23891614811817,0.3848295999305097,1.3996225414574102,-42.84155675233025,4.972005301795676
39.97840094566345,0,0,0.0,0,-4.594458423426273,-16.018648268009407,0.3684082678716449,1.3996225414574102,-42.84155675233025,4.972005301795676
40.10058665275574,0,0,0.0,0,-4.434814441356017,-15.753541274239996,0.3520670784352442,1.3996225414574102,-42.84155675233025,4.972005301795676
40.21269202232361,0,0,0.0,0,-4.270263596197897,-15.445595219338282,0.33585030443942154,1.3996225414574102,-42.84155675233025,4.972005301795676
40.33639144897461,0,0,0.0,0,-4.101298739851382,-15.096905843078073,0.3197976258848783,1.3996225414574102,-42.84155675233025,4.972005301795676
40.45815324783325,0,0,0.0,0,-3.9284060943669745,-14.709646996748036,0.3039444603101328,1.3996225414574102,-42.84155675233025,4.972005301795676
40.58110976219177,0,0,0.0,0,-3.7520640266253693,-14.286054230459724,0.28832227284599826,1.3996225414574102,-42.84155675233025,4.972005301795676
40.702152967453,0,0,0.0,0,-3.5727419147093835,-13.82840951448085,0.27295886711036904,1.3996225414574102,-42.84155675233025,4.972005301795676
40.813663482666016,0,0,0.0,0,-3.3908991064599983,-13.339027062451972,0.2578786580236677,1.3996225414574102,-42.84155675233025,4.972005301795676
40.937546491622925,0,0,0.0,0,-3.206983969936587,-12.820240221781077,0.24310292756772756,1.3996225414574102,-42.84155675233025,4.972005301795676
41.04869318008423,0,0,0.0,0,-3.021433034835024,-12.27438939445424,0.22865006445627387,1.3996225414574102,-42.84155675233025,4.972005301795676
41.158207178115845,0,0,0.0,0,-2.8346702233457473,-11.703810949898635,0.2145357886333746,1.150234365081503,-42.1305146437616,4.867062718440872
41.26879954338074,0,0,0.0,0,-2.647106168447783,-11.110827090338274,0.2007733614671134,1.3996225414574102,-42.84155675233025,4.972005301795676
41.37869906425476,0,0,0.0,0,-2.459137617225837,-10.497736628248425,0.18737378245915787,1.3996225414574102,-42.84155675233025,4.972005301795676
41.50111269950867,0,0,0.0,0,-2.271146916457967,-9.86680663500143,0.17434597324672577,1.3996225414574102,-42.84155675233025,4.972005301795676
41.61295485496521,0,0,0.0,0,-2.011300406432426,-9.168921971275774,0.13201247973157673,1.3996225414574102,-42.84155675233025,4.972005301795676
41.72135138511658,0,0,0.0,0,-1.752226935148276,-8.405584296797734,0.09320272965906212,1.3996225414574102,-42.84155675233025,4.972005301795676
41.84337377548218,0,0,0.0,0,-1.5667571339547472,-7.636465404381919,0.08737262578835775,1.3996225414574102,-42.84155675233025,4.972005301795676
41.95296812057495,0,0,0.0,0,-1.3832362835527419,-6.870253471696901,0.08148258184753157,1.3996225414574102,-42.84155675233025,4.972005301795676
42.06570100784302,0,0,0.0,0,-1.201979652509354,-6.108415519996646,0.07556184712716407,1.3996225414574102,-42.84155675233025,4.972005301795676
42.17323684692383,0,0,0.0,0,-1.0232752688902882,-5.35232396759125,0.06963684734691797,1.3996225414574102,-42.84155675233025,4.972005301795676
42.280874490737915,0,0,0.0,0,-0.8473856628698229,-4.60326145542993,0.06373138517986171,1.3996225414574102,-42.84155675233025,4.972005301795676
42.389360427856445,0,0,0.0,0,-0.6745494739029045,-3.862425237473878,0.05786682847550405,1.3996225414574102,-42.84155675233025,4.972005301795676
42.49857187271118,0,0,0.0,0,-0.5049829353941582,-3.130931190196663,0.05206228687321107,1.3996225414574102,-42.84155675233025,4.972005301795676
42.62559270858765,0,0,0.0,0,-0.3388812485623678,-2.4098174895192157,0.0463347774609173,1.3996225414574102,-42.84155675233025,4.972005301795676
42.73510813713074,0,0,0.0,0,-0.17641985607077196,-1.7000479980220469,0.04069938009916632,1.3996225414574102,-42.84155675233025,4.972005301795676
42.84862041473389,0,0,0.0,0,-0.01775562496475501,-1.0025154003327734,0.0351693829974309,1.3996225414574102,-42.84155675233025,4.972005301795676
42.97547626495361,0,0,0.0,0,0.13697205247875044,-0.31804412011896915,0.02975641909827556,1.3996225414574102,-42.84155675233025,4.972005301795676
43.09996557235718,0,0,0.0,0,0.2876402322389334,0.35260695191487296,0.024470593795152443,1.3996225414574102,-42.84155675233025,4.972005301795676
43.21047902107239,0,0,0.0,0,0.43414145940041704,1.0087418932589458,0.019320604481381946,1.3996225414574102,-42.84155675233025,4.972005301795676
43.31730365753174,0,0,0.0,0,0.5763828700935474,1.6497253255566373,0.014313852401085906,1.3996225414574102,-42.84155675233025,4.972005301795676
43.429447174072266,0,0,0.0,0,0.7142853488945691,2.274980111719666,0.009456547247440213,1.3996225414574102,-42.84155675233025,4.972005301795676
43.538214683532715,0,0,0.0,0,0.8477827366343962,2.883985157255731,0.004753804929525845,1.3996225414574102,-42.84155675233025,4.972005301795676
43.64572858810425,0,0,0.0,0,0.9768210840897004,3.4762733012122977,0.00020973890621582862,1.150234365081503,-42.1305146437616,4.867062718440872
43.77076721191406,0,0,0.0,0,1.1013579475048725,4.051429284234223,-0.004172454536121568,1.3996225414574102,-42.84155675233025,4.972005301795676
43.87910318374634,0,0,0.0,0,1.2213617223223538,4.6090877830960775,-0.00839041670585624,1.3996225414574102,-42.84155675233025,4.972005301795676
43.987083435058594,0,0,0.0,0,1.3368110118857786,5.148931502723254,-0.012442552291484277,1.3996225414574102,-42.84155675233025,4.972005301795676
44.100494146347046,0,0,0.0,0,1.5601861321445083,5.709748090894136,-0.04156196683859087,1.3996225414574102,-42.84155675233025,4.972005301795676
44.222224950790405,0,0,0.0,0,1.7787252651392,6.304331636222813,-0.06789068758161351,1.3996225414574102,-42.84155675233025,4.972005301795676
44.332282304763794,0,0,0.0,0,1.8794778534648073,6.887292829837366,-0.06789068758161351,1.3996225414574102,-42.84155675233025,4.972005301795676
44.43840670585632,0,0,0.0,0,1.9747632360719922,7.439578911660124,-0.06789068758161351,1.3996225414574102,-42.84155675233025,4.972005301795676
44.550881147384644,0,0,0.0,0,2.064628823755077,7.9616182441648125,-0.06789068758161351,1.3996225414574102,-42.84155675233025,4.972005301795676
44.659923791885376,0,0,0.0,0,2.1491376129697413,8.45390623193877,-0.06789068758161351,1.3996225414574102,-42.84155675233025,4.972005301795676
44.76908540725708,0,0,0.0,0,2.2283661320096364,8.91699539998358,-0.06637701672489307,1.3996225414574102,-42.84155675233025,4.972005301795676
44.891308307647705,0,0,0.0,0,2.302402585928298,9.351486488726092,-0.06505070340170725,1.3996225414574102,-42.84155675233025,4.972005301795676
45.01365113258362,0,0,0.0,0,2.3713451830068824,9.758020474230241,-0.06505070340170725,1.150234365081503,-42.1305146437616,4.867062718440872
45.12625312805176,0,0,0.0,0,2.435300626948147,10.137271429638897,-0.06505070340170725,1.3996225414574102,-42.84155675233025,4.972005301795676
45.253435134887695,0,0,0.0,0,2.4943827602533704,10.489940150837583,-0.06505070340170725,1.3996225414574102,-42.84155675233025,4.972005301795676
45.377108097076416,0,0,0.0,0,2.5487113454188846,10.816748475759931,-0.06505070340170725,1.3996225414574102,-42.84155675233025,4.972005301795676
45.499526262283325,0,0,0.0,0,2.7206598910314153,11.154518616803822,-0.07997532418432918,1.3996225414574102,-42.84155675233025,4.972005301795676
45.62504696846008,0,0,0.0,0,2.887794533057379,11.52000907231886,-0.09307973565769331,1.3996225414574102,-42.84155675233025,4.972005301795676
45.752594232559204,0,0,0.0,0,2.9274920156533106,11.871758701462497,-0.09307973565769331,1.3996225414574102,-42.84155675233025,4.972005301795676
45.87703800201416,0,0,0.0,0,2.961957790305846,12.188642029060922,-0.09307973565769331,1.3996225414574102,-42.84155675233025,4.972005301795676
45.98628306388855,0,0,0.0,0,2.9913619154187634,12.471950839481536,-0.09307973565769331,1.3996225414574102,-42.84155675233025,4.972005301795676
46.09824585914612,0,0,0.0,0,3.0158832425199353,12.723004977272543,-0.09307973565769331,1.3996225414574102,-42.84155675233025,4.972005301795676
46.2077419757843,0,0,0.0,0,3.035707309776711,12.943141709654142,-0.08839881034767656,1.3996225414574102,-42.84155675233025,4.972005301795676
46.31469774246216,0,0,0.0,0,3.0510244766800456,13.133706388553193,-0.0840973677814077,1.3996225414574102,-42.84155675233025,4.972005301795676
46.42933702468872,0,0,0.0,0,3.060693796083541,13.296044290230643,-0.08014637463106719,1.3996225414574102,-42.84155675233025,4.972005301795676
46.537413597106934,0,0,0.0,0,3.060693796083541,13.431493520508997,-0.07651875039096995,1.3996225414574102,-42.84155675233025,4.972005301795676
46.6580274105072,0,0,0.0,0,3.060693796083541,13.541378882824926,-0.07318924872536567,1.3996225414574102,-42.84155675233025,4.972005301795676
46.76687145233154,0,0,0.0,0,3.060693796083541,13.627006614860768,-0.07013434551111263,1.3996225414574102,-42.84155675233025,4.972005301795676
46.8749041557312,0,0,0.0,0,3.060693796083541,13.689659907396425,-0.06733213321736281,1.3996225414574102,-42.84155675233025,4.972005301795676
46.98441958427429,0,0,0.0,0,3.0651416973429724,13.71885237758592,-0.06733213321736281,1.150234365081503,-42.1305146437616,4.867062718440872
47.097450971603394,0,0,0.0,0,3.066815512653514,13.734045730153827,-0.06733213321736281,1.3996225414574102,-42.84155675233025,4.972005301795676
47.20650839805603,0,0,0.0,0,3.066815512653514,13.746934177477556,-0.06733213321736281,1.3996225414574102,-42.84155675233025,4.972005301795676
47.316957235336304,0,0,0.0,0,3.066815512653514,13.750488844930167,-0.06733213321736281,1.3996225414574102,-42.84155675233025,4.972005301795676
47.42552328109741,0,0,0.0,0,3.0913381090409606,13.754593332880646,-0.07642217185605958,1.3996225414574102,-42.84155675233025,4.972005301795676
47.55304169654846,0,0,0.0,0,3.1013259935429116,13.754593332880646,-0.08398797402580552,1.3996225414574102,-42.84155675233025,4.972005301795676
47.66102719306946,0,0,0.0,0,3.1013259935429116,13.754593332880646,-0.08398797402580552,1.3996225414574102,-42.84155675233025,4.972005301795676
47.77068495750427,0,0,0.0,0,3.1013259935429116,13.750488844930167,-0.08398797402580552,1.3996225414574102,-42.84155675233025,4.972005301795676
47.881250619888306,0,0,0.0,0,3.1013259935429116,13.743558351792172,-0.08398797402580552,1.3996225414574102,-42.84155675233025,4.972005301795676
47.991774559020996,0,0,0.0,0,3.1013259935429116,13.743558351792172,-0.08398797402580552,1.3996225414574102,-42.84155675233025,4.972005301795676
48.10282015800476,0,0,0.0,0,3.065018869495463,13.69835527454602,-0.07848152562403152,1.3996225414574102,-42.84155675233025,4.972005301795676
48.21157765388489,0,0,0.0,0,3.0263643709341013,13.616996277113433,-0.07340565573375701,1.3996225414574102,-42.84155675233025,4.972005301795676
48.33548021316528,0,0,0.0,0,2.9855509192765606,13.517073950586724,-0.06872983017242877,1.3996225414574102,-42.84155675233025,4.972005301795676
48.44659638404846,0,0,0.0,0,2.9427639497207823,13.399969882513151,-0.06442545481395603,1.3996225414574102,-42.84155675233025,4.972005301795676
48.57459354400635,0,0,0.0,0,2.8981850289807567,13.267026173914452,-0.06046576232147042,1.3996225414574102,-42.84155675233025,4.972005301795676
48.69858002662659,0,0,0.0,0,2.851991114651487,13.119542114660126,-0.056825705091992966,1.3996225414574102,-42.84155675233025,4.972005301795676
48.808547258377075,0,0,0.0,0,2.8043539415881398,12.958771540823093,-0.05348185408780166,1.3996225414574102,-42.84155675233025,4.972005301795676
48.918667793273926,0,0,0.0,0,2.755439521929671,12.785920799493121,-0.050412303245737144,1.3996225414574102,-42.84155675233025,4.972005301795676
49.044188261032104,0,0,0.0,0,2.7054077465479995,12.602147253034458,-0.0475965791713191,1.3996225414574102,-42.84155675233025,4.972005301795676
49.17286825180054,0,0,0.0,0,2.6544120767668273,12.40855826078484,-0.0450155558394085,1.3996225414574102,-42.84155675233025,4.972005301795676
49.29398441314697,0,0,0.0,0,2.602599316175544,12.206210581738409,-0.042651374037280115,1.3996225414574102,-42.84155675233025,4.972005301795676
49.41879057884216,0,0,0.0,0,2.5501094532691404,11.996110146868059,-0.04048736529940042,1.3996225414574102,-42.84155675233025,4.972005301795676
49.528364419937134,0,0,0.0,0,2.497075566479989,11.779212154454164,-0.0385079800959722,1.3996225414574102,-42.84155675233025,4.972005301795676
49.63834810256958,0,0,0.0,0,2.4436237839368253,11.556421446125238,-0.03669872004944065,1.3996225414574102,-42.84155675233025,4.972005301795676
49.750210762023926,0,0,0.0,0,2.389873290994884,11.328593125308478,-0.03504607396468854,1.3996225414574102,-42.84155675233025,4.972005301795676
49.87321066856384,0,0,0.0,0,2.335936379233339,11.09653338345958,-0.03353745746960771,1.3996225414574102,-42.84155675233025,4.972005301795676
49.98229265213013,0,0,0.0,0,2.2819185312160393,10.861000502814775,-0.032161156073149205,1.3996225414574102,-42.84155675233025,4.972005301795676
50.090314626693726,0,0,0.0,0,2.227918535862751,10.622706007505652,-0.03090627145785242,1.3996225414574102,-42.84155675233025,4.972005301795676
50.21182990074158,0,0,0.0,0,2.174028629784421,10.38231593771915,-0.029762670833257315,1.3996225414574102,-42.84155675233025,4.972005301795676
50.3257417678833,0,0,0.0,0,2.120334660400441,10.140452224190028,-0.028720939185540133,1.3996225414574102,-42.84155675233025,4.972005301795676
50.44649934768677,0,0,0.0,0,2.06691626708184,9.897694142698874,-0.027772334267202475,1.3996225414574102,-42.84155675233025,4.972005301795676
50.570921182632446,0,0,0.0,0,2.013847076954439,9.654579830431516,-0.026908744178709167,1.3996225414574102,-42.84155675233025,4.972005301795676
50.67853903770447,0,0,0.0,0,1.9611949123530712,9.411607848050865,-0.02612264740163258,1.3996225414574102,-42.84155675233025,4.972005301795676
50.789087772369385,0,0,0.0,0,1.9090220072444142,9.169238773154124,-0.025407075150139218,1.3996225414574102,-42.84155675233025,4.972005301795676
50.90198993682861,0,0,0.0,0,1.8573852302341414,8.927896812449859,-0.024755575914567996,1.3996225414574102,-42.84155675233025,4.972005301795676
51.025819540023804,0,0,0.0,0,1.8063363120461506,8.687971421503246,-0.02416218207741553,1.3996225414574102,-42.84155675233025,4.972005301795676
51.15232968330383,0,0,0.0,0,1.7559220756095524,8.449818922275014,-0.023621378488280102,1.3996225414574102,-42.84155675233025,4.972005301795676
51.262245178222656,0,0,0.0,0,1.7061846671147376,8.213764109931233,-0.023128072890238178,1.3996225414574102,-42.84155675233025,4.972005301795676
51.37248992919922,0,0,0.0,0,1.657161786605005,7.980101841536485,-0.0226775680957509,1.3996225414574102,-42.84155675233025,4.972005301795676
51.48135828971863,0,0,0.0,0,1.6088869168564455,7.749098600271832,-0.022265535815537925,1.3996225414574102,-42.84155675233025,4.972005301795676
51.59137988090515,0,0,0.0,0,1.5613895494675645,7.5209940297494615,-0.021887992048925907,1.3996225414574102,-42.84155675233025,4.972005301795676
51.713754415512085,0,0,0.0,0,1.5146954072329053,7.296002433836049,-0.021541273948992114,1.3996225414574102,-42.84155675233025,4.972005301795676
51.82094860076904,0,0,0.0,0,1.4688266620129686,7.074314238154027,-0.021222018080393232,1.3996225414574102,-42.84155675233025,4.972005301795676
51.9303138256073,0,0,0.0,0,1.423802147437184,6.856097410110847,-0.02092713999210686,1.3996225414574102,-42.84155675233025,4.972005301795676
52.03682565689087,0,0,0.0,0,1.3796375658887323,6.641498834917337,-0.020653815031429913,1.3996225414574102,-42.84155675233025,4.972005301795676
52.148335456848145,0,0,0.0,0,1.336345689320641,6.4306456456031444,-0.02039946032948576,1.4292674847476596,-45.231771607359484,5.247412352055612
52.27072477340698,0,0,0.0,0,1.2939365535427387,6.223646505525462,-0.020161717892200035,1.4292674847476596,-45.231771607359484,5.247412352055612
52.38227152824402,0,0,0.0,0,1.2524176456996243,6.020592842301853,-0.01993843873422365,1.4292674847476596,-45.231771607359484,5.247412352055612
52.50993871688843,0,0,0.0,0,1.2117940847316264,5.821560032483383,-0.01972766799662064,1.4292674847476596,-45.231771607359484,5.247412352055612
52.61920952796936,0,0,0.0,0,0.8860512324079486,5.652664271861125,-0.015999179229886955,1.4069981899380568,-42.75332867200511,4.916705829349874
52.73709273338318,0,0,0.0,0,0.30442422143642,5.504425122469371,-0.009124554102357645,1.4069981899380568,-42.75332867200511,4.916705829349874
52.84820890426636,0,0,0.0,0,-0.18856605792332265,5.342274869827746,-0.0029763782007139377,1.3996225414574102,-42.84155675233025,4.972005301795676
52.959442138671875,0,0,0.0,0,-0.3316361614859695,5.168151618100601,0.0002674928109874601,1.4069981899380568,-42.75332867200511,4.916705829349874
53.07195711135864,0,0,0.0,0,-0.3316361614859695,4.949657942718154,0.00035452882024170464,1.4069981899380568,-42.75332867200511,4.916705829349874
53.194051027297974,0,0,0.0,0,-0.3316361614859695,4.697233368898001,0.00035452882024170464,1.4069981899380568,-42.75332867200511,4.916705829349874
53.30612564086914,0,0,0.0,0,-0.3316361614859695,4.4628618617326765,0.00035452882024170464,1.4051630680269802,-42.835388388578096,4.926397778858954
53.41298460960388,0,0,0.0,0,-0.3316361614859695,4.238930683598023,0.00035452882024170464,1.4109890353766212,-42.8228167519102,4.879715394402822
53.52234196662903,0,0,0.0,0,-0.1907232618593044,4.016873626668486,0.00035452882024170464,1.4069981899380568,-42.75332867200511,4.916705829349874
53.63294005393982,0,0,0.0,0,-0.063278408094303,3.8038505085453695,-0.0001576238634811625,1.4069981899380568,-42.75332867200511,4.916705829349874
53.75778937339783,0,0,0.0,0,0.04197263163337917,3.6012472973817076,-0.0006316254508878713,1.4069981899380568,-42.75332867200511,4.916705829349874
53.86778926849365,0,0,0.0,0,0.12830319328346912,3.4022277455017473,-0.0011015545274882315,1.4109890353766212,-42.8228167519102,4.879715394402822
53.97991633415222,0,0,0.0,0,0.21534097354564075,3.209943572767448,-0.001372786848806951,1.4109890353766212,-42.8228167519102,4.879715394402822
54.10183906555176,0,0,0.0,0,0.3013903304040754,3.0308449145429597,-0.0014976303012352874,1.3996225414574102,-42.84155675233025,4.972005301795676
54.2111074924469,0,0,0.0,0,0.37799611444964376,2.859804067590436,-0.0017611786671694397,1.3996225414574102,-42.84155675233025,4.972005301795676
54.31766128540039,0,0,0.0,0,0.43744243241681335,2.691276734019712,-0.001947728542591825,1.3996225414574102,-42.84155675233025,4.972005301795676
54.428099393844604,0,0,0.0,0,0.48113835914138803,2.5246820169471302,-0.002203167064869355,1.3996225414574102,-42.84155675233025,4.972005301795676
54.55584144592285,0,0,0.0,0,0.5170630307565187,2.3783958158663205,-0.0032204827098628063,1.3996225414574102,-42.84155675233025,4.972005301795676
54.67453455924988,0,0,0.0,0,0.546337834268352,2.253453874944765,-0.005104415838608899,1.3996225414574102,-42.84155675233025,4.972005301795676
54.78704071044922,0,0,0.0,0,0.5717543959556195,2.137113730970477,-0.007191690528215441,1.3996225414574102,-42.84155675233025,4.972005301795676
54.8960702419281,0,0,0.0,0,0.5936126188971715,2.0288739703906398,-0.009081694965069963,1.3996225414574102,-42.84155675233025,4.972005301795676
55.006096601486206,0,0,0.0,0,0.5936126188971715,1.9282416998830407,-0.010787595828380694,1.1050107401946025,-43.60073912223187,4.991690585802179
55.132612466812134,0,0,0.0,0,0.5997579435792025,1.8347348213713257,-0.01232179899817332,1.3996225414574102,-42.84155675233025,4.972005301795676
55.241140604019165,0,0,0.0,0,0.612190071684751,1.7826541251313675,-0.013695990091382402,1.3996225414574102,-42.84155675233025,4.972005301795676
55.35069179534912,0,0,0.0,0,0.6273761950507084,1.7826541251313675,-0.01492117294713767,1.4051630680269802,-42.835388388578096,4.926397778858954
55.47674107551575,0,0,0.0,0,0.6344279511173191,1.7826541251313675,-0.038028929993738546,1.4051630680269802,-42.835388388578096,4.926397778858954
55.588935136795044,0,0,0.0,0,0.6405115116771694,1.7826541251313675,-0.05822462266836126,1.3996225414574102,-42.84155675233025,4.972005301795676
55.71906018257141,0,0,0.0,0,0.6507138671563606,1.7826541251313675,-0.05822462266836126,1.4109890353766212,-42.8228167519102,4.879715394402822
55.84119248390198,0,0,0.0,0,0.6610873353399156,1.77182419163986,-0.05822462266836126,1.4109890353766212,-42.8228167519102,4.879715394402822
55.96561336517334,0,0,0.0,0,0.6805579272984132,1.77182419163986,-0.05822462266836126,1.4109890353766212,-42.8228167519102,4.879715394402822
56.09020662307739,0,0,0.0,0,0.7048288992642647,1.77182419163986,-0.05822462266836126,1.4109890353766212,-42.8228167519102,4.879715394402822
56.200804233551025,0,0,0.0,0,0.7252163061434946,1.77182419163986,-0.05235966169888566,1.4109890353766212,-42.8228167519102,4.879715394402822
56.324289083480835,0,0,0.0,0,0.7419779413416252,1.77182419163986,-0.04559259019711999,1.4109890353766212,-42.8228167519102,4.879715394402822
56.44779992103577,0,0,0.0,0,0.7519369244774776,1.7479740678179716,-0.03938990255616849,1.4109890353766212,-42.8228167519102,4.879715394402822
56.57275605201721,0,0,0.0,0,0.7565747232878741,1.7036613777497809,-0.033713279579703014,1.4069981899380568,-42.75332867200511,4.916705829349874
56.68027973175049,0,0,0.0,0,0.7596827761443353,1.6513938723535102,-0.028526710282553377,1.4069981899380568,-42.75332867200511,4.916705829349874
56.788886070251465,0,0,0.0,0,0.7618120347250695,1.59195362977652,-0.023796363295150797,1.4069981899380568,-42.75332867200511,4.916705829349874
56.898942947387695,0,0,0.0,0,0.762405949624489,1.5261102476537984,-0.019490465053249292,1.4069981899380568,-42.75332867200511,4.916705829349874
57.015082120895386,0,0,0.0,0,0.762405949624489,1.4599237922661628,-0.016054188993984444,1.4069981899380568,-42.75332867200511,4.916705829349874
57.13784337043762,0,0,0.0,0,0.762405949624489,1.3944739455550172,-0.013409297988672828,1.4069981899380568,-42.75332867200511,4.916705829349874
57.24740958213806,0,0,0.0,0,0.7616441695936855,1.325444161994326,-0.011007995977010101,1.3996225414574102,-42.84155675233025,4.972005301795676
57.358717918395996,0,0,0.0,0,0.7582821125379874,1.2533874145516615,-0.008832844891078894,1.3996225414574102,-42.84155675233025,4.972005301795676
57.4689416885376,0,0,0.0,0,0.7551740596815262,1.1788306714404448,-0.0068674921607158644,1.3996225414574102,-42.84155675233025,4.972005301795676
57.58046555519104,0,0,0.0,0,0.7507796355676191,1.1022739285154577,-0.0055261247938815875,1.3996225414574102,-42.84155675233025,4.972005301795676
57.7067551612854,0,0,0.0,0,0.7299006619528803,1.0324550359359468,-0.005027223367692295,1.4069981899380568,-42.75332867200511,4.916705829349874
57.81732439994812,0,0,0.0,0,0.6978934086044015,0.9706242597085091,-0.004836483648550466,1.4069981899380568,-42.75332867200511,4.916705829349874
57.94191598892212,0,0,0.0,0,0.6664700751194181,0.9096100160483247,-0.004622483082349336,1.4148753439241886,-44.0809638420032,5.109322294942862
58.06246829032898,0,0,0.0,0,0.635667526032857,0.8495483181255914,-0.004383706885634633,1.4148753439241886,-44.0809638420032,5.109322294942862
58.17303133010864,0,0,0.0,0,0.6157017772305063,0.7822921389093996,-0.0038887483072604975,1.4148753439241886,-44.0809638420032,5.109322294942862
58.28054594993591,0,0,0.0,0,0.6052393773323503,0.7071362077578695,-0.0028038190153945905,1.4069981899380568,-42.75332867200511,4.916705829349874
58.39310264587402,0,0,0.0,0,0.43455995314379003,0.6528736074260716,-0.0005114718390167594,1.4069981899380568,-42.75332867200511,4.916705829349874
58.50158739089966,0,0,0.0,0,0.1203681031307072,0.6157955704920315,0.0024716922228386513,1.4069981899380568,-42.75332867200511,4.916705829349874
58.61571002006531,0,0,0.0,0,-0.03702891828470611,0.5714225142154379,0.005127581865797287,1.4069981899380568,-42.75332867200511,4.916705829349874
58.740150928497314,0,0,0.0,0,-0.03702891828470611,0.4996472955929488,0.006543412484413891,1.4069981899380568,-42.75332867200511,4.916705829349874
58.86371874809265,0,0,0.0,0,-0.03702891828470611,0.4054456346347444,0.006841545853079313,1.4069981899380568,-42.75332867200511,4.916705829349874
58.97543668746948,0,0,0.0,0,-0.03702891828470611,0.3144734525503644,0.007073084698253894,1.4109890353766212,-42.8228167519102,4.879715394402822
59.098679065704346,0,0,0.0,0,-0.03702891828470611,0.22683238009601175,0.007244125059263898,1.4109890353766212,-42.8228167519102,4.879715394402822
59.207200050354004,0,0,0.0,0,-0.021806838478307774,0.1426049962275782,0.007360335525764381,1.4051630680269802,-42.835388388578096,4.926397778858954
59.31825351715088,0,0,0.0,0,0.0221407283234261,0.06185592105986741,0.007360335525764381,1.3996225414574102,-42.84155675233025,4.972005301795676
59.43231964111328,0,0,0.0,0,0.05234943520404628,-0.02068895008672592,0.007360335525764381,1.3996225414574102,-42.84155675233025,4.972005301795676
59.540074825286865,0,0,0.0,0,0.07000390375022499,-0.10534534004632941,0.007360335525764381,1.3996225414574102,-42.84155675233025,4.972005301795676
59.649937868118286,0,0,0.0,0,0.08327039566737078,-0.18015981415732474,0.007360335525764381,1.3996225414574102,-42.84155675233025,4.972005301795676
59.76224875450134,0,0,0.0,0,0.09223406246887976,-0.2377031618078034,0.006962948728553272,1.3996225414574102,-42.84155675233025,4.972005301795676
59.87318539619446,0,0,0.0,0,0.09908752038816662,-0.283711073014744,0.005610077869087495,1.3996225414574102,-42.84155675233025,4.972005301795676
59.97957372665405,0,0,0.0,0,0.10481704336033673,-0.32452633380792295,0.00386821793579349,1.3996225414574102,-42.84155675233025,4.972005301795676
60.09219694137573,0,0,0.0,0,0.10953376186333749,-0.3604401544136153,0.002278990575225315,1.4109890353766212,-42.8228167519102,4.879715394402822
60.20177102088928,0,0,0.0,0,0.1133380537940521,-0.39174499948679425,0.0012368359046143768,1.4109890353766212,-42.8228167519102,4.879715394402822
60.32512545585632,0,0,0.0,0,0.11632055917735598,-0.41873227519946105,0.0012368359046143768,1.4109890353766212,-42.8228167519102,4.879715394402822
60.44264054298401,0,0,0.0,0,0.11856310594603894,-0.44169033748069775,0.0012368359046143768,1.4109890353766212,-42.8228167519102,4.879715394402822
60.55675506591797,0,0,0.0,0,0.11856310594603894,-0.47448600411046427,0.0012368359046143768,1.421704527285429,-44.14204682745649,5.163727099846333
60.68039655685425,0,0,0.0,0,0.11856310594603894,-0.5185498751011016,0.0012368359046143768,1.421704527285429,-44.14204682745649,5.163727099846333
60.7881293296814,0,0,0.0,0,0.11856310594603894,-0.5615308091511799,0.001619736587947665,1.421704527285429,-44.14204682745649,5.163727099846333
60.89819622039795,0,0,0.0,0,0.11856310594603894,-0.5835204293770837,0.002876332550844958,1.421704527285429,-44.14204682745649,5.163727099846333
61.00828504562378,0,0,0.0,0,-0.03394545931819473,-0.5862523180782651,0.005258452666974289,1.421704527285429,-44.14204682745649,5.163727099846333
61.13503360748291,0,0,0.0,0,-0.32970192878252164,-0.5882220225747405,0.008642959757331158,1.421704527285429,-44.14204682745649,5.163727099846333
61.252108097076416,0,0,0.0,0,-0.5997078578554567,-0.5936206107232453,0.011640533484449166,1.421704527285429,-44.14204682745649,5.163727099846333
61.36714172363281,0,0,0.0,0,-0.8415678443871841,-0.6000051459563869,0.014280770071407463,1.421704527285429,-44.14204682745649,5.163727099846333
61.51219725608826,0,0,0.0,0,-1.0573152406703379,-0.6083090569508889,0.016591369119422987,1.421704527285429,-44.14204682745649,5.163727099846333
61.62877082824707,0,0,0.0,0,-1.2488546981082722,-0.6083090569508889,0.018598243281001958,1.421704527285429,-44.14204682745649,5.163727099846333
61.73928642272949,0,0,0.0,0,-1.4179699889491384,-0.6263882260783471,0.020325622004507236,1.421704527285429,-44.14204682745649,5.163727099846333
61.8683226108551,0,0,0.0,0,-1.5663313510329337,-0.6500171460888859,0.02179614965588686,1.421704527285429,-44.14204682745649,5.163727099846333
62.00840187072754,0,0,0.0,0,-1.6955023851232291,-0.6773825814774836,0.02303097830806652,1.421704527285429,-44.14204682745649,5.163727099846333
62.1144483089447,0,0,0.0,0,-1.8069465325431437,-0.7077384874693362,0.024049855474007696,1.421704527285429,-44.14204682745649,5.163727099846333
62.22867131233215,0,0,0.0,0,-1.854729354147477,-0.7403961846053613,0.024049855474007696,1.3996225414574102,-42.84155675233025,4.972005301795676
62.3511848449707,0,0,0.0,0,-1.854729354147477,-0.7747225348394665,0.024049855474007696,1.3996225414574102,-42.84155675233025,4.972005301795676
62.474693775177,0,0,0.0,0,-1.854729354147477,-0.8101379757402867,0.024049855474007696,1.3996225414574102,-42.84155675233025,4.972005301795676
62.5977623462677,0,0,0.0,0,-1.854729354147477,-0.8461144433123167,0.024049855474007696,1.3996225414574102,-42.84155675233025,4.972005301795676
62.71245837211609,0,0,0.0,0,-1.854729354147477,-0.8998511404125209,0.022911344225184916,1.3996225414574102,-42.84155675233025,4.972005301795676
62.83467674255371,0,0,0.0,0,-1.724439076702359,-0.9640113015790946,0.01897016040956954,1.3996225414574102,-42.84155675233025,4.972005301795676
62.95018911361694,0,0,0.0,0,-1.4810076365490952,-1.0143419833865033,0.014485481207643994,1.3996225414574102,-42.84155675233025,4.972005301795676
63.068620443344116,0,0,0.0,0,-1.2564986791320532,-1.0518989941150956,0.010396893280079119,1.3996225414574102,-42.84155675233025,4.972005301795676
63.193058490753174,0,0,0.0,0,-1.0496763534558342,-1.0714060195783874,0.006677416779801876,1.3996225414574102,-42.84155675233025,4.972005301795676
63.314842224121094,0,0,0.0,0,-0.8593830975911454,-1.0714060195783874,0.0033016843763075824,1.3996225414574102,-42.84155675233025,4.972005301795676
63.42635798454285,0,0,0.0,0,-0.6845345211844243,-1.0714060195783874,0.00024585231776364175,1.3996225414574102,-42.84155675233025,4.972005301795676
63.55050349235535,0,0,0.0,0,-0.5241146344564114,-1.0714060195783874,-0.0025124838603302383,1.3996225414574102,-42.84155675233025,4.972005301795676
63.65919828414917,0,0,0.0,0,-0.3771713999922387,-1.0714060195783874,-0.004994369213562484,1.3996225414574102,-42.84155675233025,4.972005301795676
63.783056020736694,0,0,0.0,0,-0.242812585222377,-1.064160619948685,-0.007219565076318943,1.4148753439241886,-44.0809638420032,5.109322294942862
